name,Condition,Mito,Animal,b_vol,b_sa,nr_ves_b,nr_ves_in,msb,mito_vol,tpsd,mean_ves_vol,final_med_mean_dis,final_dis_AZ,disp_cm,dis_ves_cm_f,dis_cm_az,final_chull_ax,final_chull_mvv_ax,med_ass_ves_vol_final_im,med_ass_ves_vol_im,ra_ass_ves_vol_final_ax,,,,,,,,,,,,,,ske_ass_im,ra_ass_ves_vol,ra_ass_ves_vol_final,ra_ske_ass_im,pval_ra_vav,med_ass_ves_vol_final_ax,ske_ass_ax,ra_ass_ves_vol_ax,ra_ass_ves_vol_final_ax,ra_ske_ass_ax,pval_ra_vav_ax,dis_ves_ol_ra_f,p_val_dis_ol,med_ass_vol_del_ev_f,,,dis_chull_az,dis_chull_az_f,,dis_ves_cm,dis_ves_cm_f,dis_ves_ol,dis_ves_ol_f,final_med_mean_dis_ra,rat,pval_mdnv_ra,dol_dcm,dis_m_cm,med_dis_m,med_dis_m_f,den,chull_del_ves_f
d01c03ax01,Control,Yes,JB023,0.281525,2.4635,560,502,n,0.0284091309,0.149145,0.0316104242744039,0.0249,0.306815895700633,0.26415949427751,0.206277400926643,0.343944954108917,0.17607479271,0.14447136267789,0.000100972257396833,0.0001553062940635,0.000197437895267333,,,,,,,,,,,,,,2.88007442420537,0,-5.43340366666667E-05,100,0,0.000101062198750333,2.853256626921,0.000251771931934,0.000197437895267333,0.709472932452873,2.76871713341183E-29,0.072,0.0820411043116335,0.000151097135417333,,,0.395960856590834,0.372460856590834,,0.229777400926643,0.206277400926643,0.119803252506818,0.073,0.0394068373251573,0.632246230927982,9.67095785784017E-19,0.543093639003684,0.166891550609744,0.209455201089812,0.185955201089812,#REF!,0.169223181955
d01c06ax02,Control,Yes,JB023,0.273475,2.56175,659,598,y,0.0132145844,0.2617734,0.0375913800045329,0.0242,0.203062536594081,0.250359302965482,0.212456380214871,0.250375316593124,0.158002923815,0.120406881961751,0.000108960981222833,0.0001632950178895,0.000137116352476833,,,,,,,,,,,,,,1.8853068545612,0.0001929911142705,0.000138657077603833,0.850719096188105,2.0253355869208E-07,0.000108960981222833,1.8853068545612,0.0001914503891435,0.000137116352476833,0.864063829482592,7.5088128342441E-07,0.065,1.15055208502189E-05,0.000212446989152333,,,0.146869871431418,0.123369871431418,,0.235956380214871,0.212456380214871,0.125574580177516,0.079,0.0319915457122675,0.757528525175766,1.84365792532E-09,0.544306256462487,0.220802129469012,0.295262085005234,0.271762085005234,#REF!,0.146162521605
d01c07ax03,Control,Yes,JB023,0.278475,3.12425,754,700,y,0.0606388617,0.1294623,0.0430292128951268,0.0196,0.255745710334454,0.28947269006579,0.223145442222316,0.386422825128591,0.177674998585,0.134652500696414,8.55652571033333E-05,0.00013989929377,0.000102956068912333,,,,,,,,,,,,,,3.54243401006535,0.000190842941599,0.000136508904932333,1.86103864403207,1.93520639768431E-26,8.32646948233333E-05,0.825261814896738,0.000157290105579,0.000102956068912333,1.38973789667426,5.35994695755541E-06,0.091,0.25835094778285,0.000207794107429833,,,0.183462570964133,0.159962570964133,,0.246645442222316,0.223145442222316,0.128671438389435,0.082,0.0329268302273195,0.595462223744166,7.27107329494029E-32,0.522694330019649,0.318769903215463,0.288489969510035,0.264989969510035,#REF!,0.152104801385
d01c09ax04,Control,Yes,JB023,0.187400,2.1535,336,295,y,0.0262277648,0.0586565,0.019177994279309,0.0249,0.158654097843986,0.257457563547859,0.166905973547204,0.197216595518927,0.094666390585,0.0754934919188426,9.12588558863333E-05,0.000145592892553,0.000159043382024833,,,,,,,,,,,,,,0.826669939222999,0.0002195752963315,0.000165241259664833,0.707364212751667,2.23043603776E-09,9.12588558863333E-05,0.826669939222999,0.0002133774186915,0.000159043382024833,0.703222667709173,9.070075285494E-08,0.055,0.233328988029651,0.000161585677828333,,,0.180224980886434,0.156724980886434,,0.190405973547204,0.166905973547204,0.103168758687345,0.056,0.037395966045024,0.667119377599528,1.1375329028167E-07,0.560695340134747,0.233402790315352,0.270301719126543,0.246801719126543,#REF!,0.084781360425
d01c10ax05,Control,No,JB023,0.166600,1.7695,551,486,n,0,0.105877,0.027349296993669,0.0193,0.201722727503737,0.225753374150397,0.185071026860439,0.211675824964713,0.0904720593624,0.0631142410412222,7.85225921326667E-05,0.000125578313946,8.83156576216667E-05,,,,,,,,,,,,,,0.623030199209063,0.000135371379435,8.83156576216667E-05,1.03633062018819,0.0314208331650589,7.85225921326667E-05,0.623030199209063,0.000135371379435,8.83156576216667E-05,1.03633062018819,0.0628416663301178,0.043,0.000122948491541664,0.000221342361377667,,,0.204332894210803,0.181932894210803,,0.207471026860439,0.185071026860439,0.100088433013813,0.055,0.0245557749011142,0.784302900380074,9.4750690162936E-07,0.487958215015806,0,0,0,#REF!,0.0810577391264
d01c11ax06,Control,No,JB023,0.161850,1.98275,339,302,y,0,0.0651148,0.0168300483629441,0.0215,0.168940638726796,0.206440503209152,0.163179677543599,0.232240195050695,0.0682619888896,0.0514277922445996,7.84307832196667E-05,0.000125486505033,0.000103105162869167,,,,,,,,,,,,,,0.6908264119805,0.000152934683954,0.000105878962140667,0.799199310472319,0.00249051811045564,7.84307832196667E-05,0.6908264119805,0.0001501608846825,0.000103105162869167,0.828711271164657,0.00837048073393445,0.051,0.043603815876623,0.000159791017091667,,,0.186960002871593,0.164560002871593,,0.185579677543599,0.163179677543599,0.0992873856803572,0.054,0.029504539609536,0.729696983542994,3.17810471980733E-05,0.555496540524573,0,0,0,#REF!,0.0569298477536
d01c13ax08,Control,Yes,JB023,0.612300,5.081,1212,1131,y,0.083217863,0.406952,0.0689869090298149,0.0254,0.205782356511852,0.548274349226888,0.315117207636419,0.272906330927525,0.41992502851,0.350937660285101,9.61290571893333E-05,0.000150463093856,0.000199273589108333,,,,,,,,,,,,,,3.03619748020076,0.0002935860696125,0.000239252032945833,3.37061061888204,2.72055322502078E-80,9.61290571893333E-05,3.03619748020076,0.000253607625775,0.000199273589108333,0.820388690283945,9.84777682087157E-48,0.086,0.175841118909783,0.000129292393737833,,,0.200073592722463,0.176573592722463,,0.338617207636419,0.315117207636419,0.137805653084431,0.091,0.0422397797952192,0.601514658609426,1.01597288996502E-45,0.350444895012145,0.0968251745215772,0.160301750618092,0.136801750618092,#REF!,0.40414488671
d01c14ax09,Control,Yes,JB023,0.183825,1.891,284,242,n,0.0199765004,0.077739,0.0162037814589347,0.0268,0.208526205847769,0.196165618133767,0.15503482021479,0.257402979383614,0.0756393850755,0.0594372563552298,0.000112396760428333,0.000166730797095,0.000153086235833333,,,,,,,,,,,,,,1.96723719788229,0.0002074202725,0.000153086235833333,0.830851029802376,0.000264929463981633,0.000112396760428333,1.96723719788229,0.0002074202725,0.000153086235833333,0.830851029802376,0.000529858927963265,0.043,0.0509521139930216,0.000174281681009333,,,0.236116433283976,0.212616433283976,,0.17853482021479,0.15503482021479,0.0968427038081487,0.050,0.0359686658089497,0.745176734108263,7.8820436959671E-07,0.571940377882506,0.165657410502319,0.212085253286868,0.188585253286868,#REF!,0.0667552345155
d01c15ax10,Control,No,JB023,0.104750,1.42425,202,163,n,0,0.041341,0.00943689584077105,0.0287,0.195421941390797,0.2045135678454,0.140242934515934,0.208143175136165,0.0527274143304,0.0432939727881636,0.000107919273808667,0.000154974995622,0.000171716995937667,,,,,,,,,,,,,,0.740978723757541,0.000218772717751,0.000171716995937667,-0.140713335556708,0.000381234809129584,0.000107919273808667,0.740978723757541,0.000218772717751,0.000171716995937667,-0.140713335556708,0.000762469618259168,0.036,0.420362097861691,0.000164395830354667,,,0.238838845494453,0.216438845494453,,0.162642934515934,0.140242934515934,0.0780459045893828,0.033,0.0395141816967801,0.726907375116931,0.001335025277752,0.512508463312522,0,0,0,#REF!,0.0459849469688
d01c16ax11,Control,Yes,JB023,0.228225,2.14825,394,340,n,0.0273973607,0.10252,0.0223629476676542,0.0250,0.192112631422338,0.247044599646971,0.193279573238919,0.216283090101167,0.119023705655,0.0966649388339464,0.000101278538053833,0.0001556125747205,0.000164612717349333,,,,,,,,,,,,,,1.88521703010577,0.0002300749128655,0.000175740876198833,2.81725584416527,7.4168274E-13,0.000101278538053833,1.88521703010577,0.000218946754016,0.000164612717349333,0.950370274390446,4.7015575604E-10,0.058,0.0866606800023911,0.000162170619956333,,,0.212020621236842,0.188520621236842,,0.216779573238919,0.193279573238919,0.106072254736927,0.059,0.0393251571545044,0.636139196878781,3.609122777E-11,0.499274538876714,0.154841801605859,0.143960016690885,0.120460016690885,#REF!,0.112313927995
d01c18ax12,Control,Yes,JB023,0.290050,3.11875,417,371,y,0.0224579442,0.1182639,0.0237890719903206,0.0287,0.256351342501793,0.287004964455437,0.194213311262435,0.365869850424524,0.14556778377,0.12178451791552,0.000107530801932333,0.000161864838599,0.000232543970809333,,,,,,,,,,,,,,4.29224643503659,0.000287043872254,0.000232709835587333,1.50770177493232,4.67019560117874E-21,0.000107530801932333,4.29224643503659,0.000286878007476,0.000232543970809333,0.612369483705629,6.86040512122658E-19,0.067,0.0874167667389295,0.000138136891678833,,,0.175199872137181,0.151699872137181,,0.217713311262435,0.194213311262435,0.117428457545418,0.070,0.0443460894967738,0.647736937730391,1.411247E-14,0.522666854083424,0.154955054620367,0.220244277311017,0.196744277311017,#REF!,0.142595336185
d01c19ax08,Control,No,JB023,0.125700,1.66675,273,229,n,0,0.086665,0.0135507714314854,0.0270,0.145958808142835,0.209568890471662,0.15971810394018,0.135792759965492,0.064109095024,0.0505561643452687,0.000101015445954667,0.000148071167768,0.000139651731484667,,,,,,,,,,,,,,1.69812508918817,0.000188287093034,0.000141231371220667,0.373861096294428,0.00021876069279699,0.000101015445954667,1.69812508918817,0.000186707453298,0.000139651731484667,0.354622381274957,0.00168562160209082,0.042,0.422468730726093,0.000154019613207667,,,0.17771380206924,0.15531380206924,,0.18211810394018,0.15971810394018,0.0873866139365679,0.043,0.0371572770208812,0.727951038057334,2.44382118542668E-05,0.488265700309684,0,0,0,#REF!,0.0610195204584
d01c20ax14,Control,Yes,JB023,0.362300,3.696,646,604,y,0.0540968068,0.1959588,0.042218313003794,0.0270,0.25229534278211,0.293152658246361,0.219161659453156,0.257745724112432,0.19548970861,0.153278430544291,0.000111785087002333,0.000166119123669,0.000177332062143333,,,,,,,,,,,,,,1.18052814500825,0.000234332801735,0.000179998765068333,0.827539160744426,1.21644780609315E-22,0.000111619102452833,1.16008369671977,0.00023166609881,0.000177332062143333,0.735311905552747,2.57153119417394E-20,0.089,0.00836810061434316,0.000177125780858333,,,0.341286765807124,0.317786765807124,,0.242661659453156,0.219161659453156,0.145251930567691,0.098,0.0366922671244386,0.735014719273917,5.32345962987423E-18,0.575688484559402,0.313130530895517,0.356621935314026,0.333121935314026,#REF!,0.18390010822
d01c21ax15,Control,No,JB023,0.144650,1.602,323,284,n,0,0.060843,0.0160289755198599,0.0234,0.276462541924416,0.191943703621306,0.155034455168087,0.275924369877732,0.0697790638056,0.053743624062894,8.43025543766667E-05,0.00013135827619,0.000111214672544667,,,,,,,,,,,,,,2.00545595706666,0.000158270394358,0.000111214672544667,0.849198037612253,0.00026434572881304,8.43025543766667E-05,2.00545595706666,0.000158270394358,0.000111214672544667,0.849198037612253,0.000528691457626079,0.053,0.0400957932308718,0.000140838429764667,,,0.3268927325609,0.3044927325609,,0.177434455168087,0.155034455168087,0.10221267037911,0.057,0.0303950455350486,0.770342112394409,3.44857062866165E-05,0.586809313360681,0,0,0,#REF!,0.0586445755816
d01c22Bax17,Control,No,JB023,0.085308,1.222,119,92,n,0,0.04258,0.00581104588786221,0.0287,0.16730952977179,0.14785815417723,0.105686083040811,0.177092882392621,0.0305647544072,0.0247619958479487,8.48132468996667E-05,0.000131868968713,0.000166895756997667,,,,,,,,,,,,,,2.14343131419383,0.000213951478811,0.000166895756997667,0.20349447181469,0.00199382899730541,8.48132468996667E-05,2.14343131419383,0.000213951478811,0.000166895756997667,0.20349447181469,0.00398765799461082,0.033,0.249248903050371,0.000140574105702667,,,0.239891396814761,0.217491396814761,,0.128086083040811,0.105686083040811,0.0761429006650432,0.031,0.0416307134987039,0.688231010134588,0.00154743333178858,0.632070916239046,0,0,0,#REF!,0.0257948967136
d01c23ax18,Control,Yes,JB023,0.349350,3.273,533,480,y,0.0179405045,0.228539,0.0313742776323291,0.0255,0.237295640885039,0.257278736503257,0.202629583572972,0.299321850953912,0.200674644985,0.169291533410904,0.000111305899762833,0.0001656399364295,0.000250851583378333,,,,,,,,,,,,,,7.2664916059528,0.000315887710257,0.000261553673590333,0.882814528488268,3.66085342704413E-35,0.000111305899762833,7.2664916059528,0.000305185620045,0.000250851583378333,0.949247261292584,1.21714921738634E-32,0.079,0.423618855682643,0.000134020003590333,,,0.241430843674127,0.217930843674127,,0.226129583572972,0.202629583572972,0.125952274500097,0.079,0.0452150521372056,0.564529967622993,2.38084669902354E-30,0.615362462852438,0.207951218522966,0.258005223287976,0.234505223287976,#REF!,0.1963138013
d01c25Aax19,Control,No,JB023,0.141875,1.66025,262,223,n,0,0.049059,0.0128055163611456,0.0314,0.288596340465051,0.201294572014189,0.157791508864987,0.283912455564657,0.073746762268,0.0609378547109888,0.000134285473875667,0.000181341195689,0.000185276894848167,,,,,,,,,,,,,,2.67071075171268,0.0002323326166615,0.000185276894848167,0.134281083811991,0.000102743148876301,0.000134285473875667,2.67071075171268,0.0002323326166615,0.000185276894848167,0.134281083811991,0.000205486297752601,0.048,0.0313139514068011,0.000178809827449167,,,0.373090949738902,0.350690949738902,,0.180191508864987,0.157791508864987,0.106376005977941,0.062,0.0397975341009815,0.788424674672641,6.08115715217897E-05,0.578390102934995,0,0,0,#REF!,0.06989348184
d01c25Bax20,Control,Yes,JB023,0.411125,4.105,344,296,y,0.0934001841,0.0865953,0.0195653251950171,0.0296,0.25335610185135,0.225438114457694,0.173738673911209,0.289736230128856,0.105479435795,0.0859090137173657,0.000113853709085833,0.0001681877457525,0.000165686590869333,,,,,,,,,,,,,,3.79898946667418,0.000220020627536,0.000165686590869333,1.28571194925544,8.62364780308841E-06,0.000115081531552333,3.7008518831279,0.000220020627536,0.000165686590869333,1.28571194925544,3.17895120632297E-05,0.058,0.111420644020897,0.000189720424839333,,,0.200440070091178,0.176940070091178,,0.197238673911209,0.173738673911209,0.107631878781976,0.061,0.0394289107211007,0.751887386545816,1.41166322975297E-06,0.565952364725083,0.230790149708354,0.259751877276464,0.236251877276464,#REF!,0.10057857933
d01c28Aax21,Control,No,JB023,0.227500,2.3465,482,428,y,0,0.1546804,0.0239405441730069,0.0270,0.258803592488024,0.251400529946074,0.196790365319781,0.281457404086169,0.13112895516,0.107197749534365,0.000109308463365667,0.000156364185179,0.000177425259118167,,,,,,,,,,,,,,2.62390895568526,0.00022605077339,0.000178995051576667,0.782965341668814,1.5605076E-13,0.000109308463365667,2.62390895568526,0.0002244809809315,0.000177425259118167,0.804843167208126,6.0168988E-13,0.066,0.292377100054258,0.000152414897848667,,,0.282105125999405,0.259705125999405,,0.219190365319781,0.196790365319781,0.106248290109081,0.061,0.0380184273940894,0.70902697202798,1.00500802E-12,0.493675314816095,0,0,0,#REF!,0.12767977848
d01c32ax23,Control,Yes,JB023,0.445925,3.84375,1119,1048,y,0.0449065752,0.320537,0.0638355064548341,0.0206,0.257729501164158,0.337911264226475,0.280854830696102,0.30521010716331,0.28264041999,0.218787502388933,8.84677313413333E-05,0.000142801768008,0.000144049165266333,,,,,,,,,,,,,,6.94941898656083,0.000240796734786,0.000186462698119333,0.825969315822281,5.85865090837622E-70,8.63818150783333E-05,2.76039141865309,0.000198383201933,0.000144049165266333,0.757601748409967,1.13927416348633E-34,0.085,8.1296949508802E-07,0.000171264056893333,,,0.204677976277857,0.181177976277857,,0.304354830696102,0.280854830696102,0.150559620048833,0.104,0.0372801169143176,0.551506394683742,2.66081178750284E-59,0.503249104743967,0.206195086186003,0.234214854276714,0.210714854276714,#REF!,0.26006091254
d03c04ax24,Control,Yes,JB023,0.089035,1.32475,138,110,n,0.0139451604,0.095778,0.00786991550561884,0.0477,0.11958314637818,0.205976492070082,0.158924908136155,0.165256655181019,0.0549031148545,0.0470347847968245,0.000119880721532333,0.000174214758199,0.000227721814267333,,,,,,,,,,,,,,-0.0747910219882198,0.000447096563986,0.000392762527319333,1.83945348283099,0.000740393553123505,0.000118525572128833,-0.0253358175983714,0.000282055850934,0.000227721814267333,0.603645116005828,0.0555555555555556,0.049,0.156898942724311,0.000119880721532333,,,0.155232312190609,0.131732312190609,,0.182424908136155,0.158924908136155,0.0944964323358217,0.047,0.06640779246506,0.717767762191266,8.67490353308306E-05,0.489626395368392,0.0314852855933391,0.0764977089444831,0.0529977089444831,#REF!,0.0546514465785
d03c05ax25,Control,Yes,JB023,0.210175,2.18425,333,284,y,0.0245525446,0.1123798,0.0189993839282243,0.0249,0.176013855282865,0.235833120617305,0.176023961972919,0.259293774638682,0.10782033622,0.0888204014898039,9.71436479853333E-05,0.000151477684652,0.000161678627675833,,,,,,,,,,,,,,1.33507081850899,0.0002500038298655,0.000195669793198833,1.34134085915826,2.86116207E-12,9.71436479853333E-05,1.33507081850899,0.0002160126643425,0.000161678627675833,0.68633378311489,9.7514395802739E-07,0.045,0.309133430969479,0.000138175760446333,,,0.202426534367666,0.178926534367666,,0.199523961972919,0.176023961972919,0.0998965061112645,0.053,0.0446190360499885,0.557188414400046,2.03339E-14,0.497639423409213,0.115324782278029,0.176843854933477,0.153343854933477,#REF!,0.09891804063
d03c06ax26,Control,No,JB023,0.069248,1.173,112,80,n,0,0.02219,0.00556050077460265,0.0242,0.177345242581095,0.137754550902892,0.105626753711512,0.181846611588788,0.0228298257544,0.0172699413317218,6.59135827861667E-05,0.0001129693045995,0.000110215677151667,,,,,,,,,,,,,,1.37707635472306,0.000157271398965,0.000110215677151667,0.171210288923305,0.00166411518097582,6.59135827861667E-05,1.37707635472306,0.000157271398965,0.000110215677151667,0.171210288923305,0.00332823036195164,0.020,0.181552958376877,0.000134948953474167,,,0.217166968182495,0.194766968182495,,0.128026753711512,0.105626753711512,0.0655538169062033,0.021,0.0345002230879453,0.700403857877112,0.00785482045211074,0.625800140596889,0,0,0,#REF!,0.0188962287816
d03c07ax27,Control,No,JB023,0.190850,1.997,310,271,y,0,0.1278886,0.0153953769621556,0.0351,0.192652148954902,0.228927090478681,0.189306760553074,0.293053123643548,0.0955178256816,0.0801272822228478,0.000158683324077667,0.000205739045891,0.000188238453345667,,,,,,,,,,,,,,0.755201479991726,0.0002356888942895,0.000188633172476167,0.868050873223802,0.0180719915734057,0.000158053769041667,0.779452460274168,0.000235294175159,0.000188238453345667,0.861344553385727,0.0297235241521836,0.069,0.108044459199692,0.000196508766458667,,,0.160041108996764,0.137641108996764,,0.211706760553074,0.189306760553074,0.11747654334159,0.073,0.041914242902811,0.83759703814454,0.00755454852554537,0.576454038902351,0,0,0,#REF!,0.0921008483192
d03c08ax28,Control,Yes,JB023,0.709425,4.69975,1984,1905,y,0.0464447699,0.363502,0.113208141290543,0.0184,0.316731149820653,0.342391907764181,0.305418214507651,0.459983390835221,0.491120106055,0.377925415457096,8.63328085778333E-05,0.0001406668452445,0.000137128915457333,,,,,,,,,,,,,,9.39046755151842,0.000201819345185,0.000147485308518333,2.44815454537065,7.05896429905323E-104,8.62890562343333E-05,9.4908781657942,0.000191462952124,0.000137128915457333,0.720941387805128,5.35438501985894E-79,0.112,0.486171480053532,0.000188152537108333,,,0.277338360474485,0.253838360474485,,0.328918214507651,0.305418214507651,0.158350281820499,0.111,0.0311938877452997,0.589815921783062,2.25863287519432E-120,0.482902024504435,0.258961440472438,0.273816964944222,0.250316964944222,#REF!,0.464014776745
d03c09ax29,Control,Yes,JB023,0.240400,2.6125,429,394,y,0.0168299992,0.1343226,0.0244764128309164,0.0249,0.172771777266746,0.249452518705074,0.190406203886211,0.276063416818897,0.13287043034,0.108391460130484,0.000102403996889333,0.000156738033556,0.000165393059720333,,,,,,,,,,,,,,1.45735290185081,0.000250218932908,0.000195884896241333,2.81720084225148,7.8571101040388E-20,0.000102424066397833,1.43216444925467,0.000219727096387,0.000165393059720333,0.731988770436228,1.9197798085E-10,0.083,0.183047665075974,0.000166529918605833,,,0.128612117732079,0.105112117732079,,0.213906203886211,0.190406203886211,0.137020118407959,0.090,0.0414455238539506,0.601606951840216,1.08587811079917E-20,0.682653197180022,0.270912635986774,0.308827069877747,0.285327069877747,#REF!,0.12765051442
d03c10ax30,Control,Yes,JB023,0.411350,3.1725,760,707,n,0.0764219686,0.336073,0.0433547132282564,0.0232,0.188887044450855,0.287870018756433,0.236329929279648,0.2521365457038,0.199783512945,0.156416364719172,0.000106300299460333,0.000160634336127,0.000156996089930333,,,,,,,,,,,,,,2.3658154565796,0.0002158135712745,0.000161479534607833,0.556592631772378,1.10081042930935E-22,0.000106878761429333,2.95361025947345,0.000211330126597,0.000156996089930333,0.538610596139089,1.04964092189877E-19,0.078,0.000673987707783428,0.000216994011047333,,,0.0976357031479861,0.0741357031479861,,0.259829929279648,0.236329929279648,0.136436913687093,0.089,0.0343437008533873,0.674356332585396,1.6747094863393E-23,0.523536758426377,0.218418489204399,0.156458215113214,0.132958215113214,#REF!,0.190479492875
d03c11ax31,Control,No,JB023,0.161850,1.79375,521,475,y,0,0.0896485,0.0258703216521007,0.0200,0.170699316311198,0.224552104730623,0.176730035675072,0.217688552825365,0.103659890404,0.0777949405910066,7.33631569431667E-05,0.0001204188787565,0.000106842345235667,,,,,,,,,,,,,,1.93795693504102,0.000153898067049,0.000106842345235667,0.70693300532738,6.132746643543E-08,7.33631569431667E-05,1.93795693504102,0.000153898067049,0.000106842345235667,0.70693300532738,1.2265493287085E-07,0.056,0.00577376082679451,0.000151989994265667,,,0.170987818391983,0.148587818391983,,0.199130035675072,0.176730035675072,0.106198884693473,0.061,0.0286071265189642,0.697569386630085,7.57736111472E-09,0.557272288678514,0,0,0,#REF!,0.0906156974872
d03c13Aax33,Control,No,JB023,0.040765,0.793325,45,28,n,0,0.024436,0.00223458564257528,0.0302,0.084638576899035,0.1097420097258,0.0671737819190393,0.118215597516241,0.008013400874,0.00577774163125953,6.84732186531667E-05,0.0001155289404665,0,,,,,,,,,,,,,,100,0,-4.70557218133333E-05,100,0,6.84732186531667E-05,0,0,0,100,,0.008,0.243076465816589,0,,,0.11059588709358,0.08819588709358,,0.0895737819190393,0.0671737819190393,0.063713595176235,0.019,0.0389163823916695,0.77630281714482,0.0838058276447464,0.751795187216804,0,0,0,#REF!,0.0052525658596
d03c14ax35,Control,No,JB023,0.124000,1.71925,250,212,n,0,0.059292,0.015794026578756,0.0388,0.471015692072429,0.287977794386421,0.193854235377242,0.412026636838681,0.089510267584,0.0737233370327412,0.000145054086243667,0.000192109808057,0.000217286246679667,,,,,,,,,,,,,,1.53033824768118,0.000308357369808,0.000261301647994667,0.911597877565218,1.349002130256E-08,0.000140189434965667,1.43061843371082,0.000264341968493,0.000217286246679667,1.00941366572564,5.90006179235503E-05,0.061,0.137281487234647,0.000138999666832667,,,0.550907625652348,0.528507625652348,,0.216254235377242,0.193854235377242,0.10101137993554,0.056,0.0519122062601885,0.746644111498469,6.7551534938774E-06,0.502030208780627,0,0,0,#REF!,0.089510267584
d03c15Bax37,Control,No,JB023,0.704525,5.11925,1752,1671,y,0,0.421733,0.086964126156707,0.0259,0.463964120458996,0.532040936560486,0.447838299715582,0.384862798379268,0.641360049088,0.55439279929891,0.000100069044533667,0.000147124766347,0.000250501206168667,,,,,,,,,,,,,,5.84313345907184,0.000313356783195,0.000266301061381667,0.758163747630209,6.00353918012364E-124,9.63030305326667E-05,6.00840319771709,0.000297556927982,0.000250501206168667,0.733895879408213,1.6656054258124E-119,0.130,1.788229962E-11,9.76949216546667E-05,,,0.404432710064769,0.382032710064769,,0.470238299715582,0.447838299715582,0.157779292435688,0.113,0.0470403644025691,0.550421255041613,4.53487153083404E-110,0.325394243359239,0,0,0,#REF!,0.641360049088
d03c15Cax38,Control,No,JB023,0.069853,0.924625,250,201,n,0,0.043253,0.0121614372316078,0.0233,0.199601918919668,0.169591284647614,0.137300218744723,0.197473589249007,0.0477505360928,0.0355877839138422,8.89793357901667E-05,0.0001360350576035,9.77275907716667E-05,,,,,,,,,,,,,,0.986117573927898,0.000145527744253,9.84720224396667E-05,0.441926505364937,0.210785533207298,8.89793357901667E-05,0.986117573927898,0.000144783312585,9.77275907716667E-05,0.467225958216128,0.482009002431744,0.035,0.44673033270991,0.000172053104557667,,,0.224649990865788,0.202249990865788,,0.159700218744723,0.137300218744723,0.0766392773915598,0.032,0.0275396546370363,0.847546121893774,0.00465636027959064,0.558807917561083,0,0,0,#REF!,0.0380041653816
d03c16ax39,Control,No,JB023,0.06178,0.916025,280,240,y,0,0.1736116,0.0143969473927557,0.0167,0.150002150437334,0.161447532895239,0.130568110693705,0.187876670342616,0.0419723840616,0.0275763115547951,5.89101085286667E-05,0.000105965830342,5.94754059936667E-05,,,,,,,,,,,,,,0.576411917328114,0.000106531127807,5.94754059936667E-05,0.855190932515119,0.1264601510511,5.89101085286667E-05,0.576411917328114,0.000106531127807,5.94754059936667E-05,0.855190932515119,0.252920302102201,0.033,0.244050543645525,0.000174332666698667,,,0.178674264517366,0.156274264517366,,0.152968110693705,0.130568110693705,0.0805407568159863,0.036,0.0216164790509201,0.772349406450259,0.0176561573038834,0.537532796271838,0,0,0,#REF!,0.0342222345848
d03c17ax40,Control,No,JB023,0.191700,2.34625,456,405,y,0,0.1601595,0.0225880005541528,0.0228,0.185679058259117,0.219994515264219,0.175257503093757,0.24612636570906,0.0955580240312,0.0729658546294591,9.18977290466667E-05,0.00013895345086,0.000115415607389667,,,,,,,,,,,,,,1.55188303485125,0.000163543375349,0.000116487653535667,0.690666918994862,0.000242413680345348,9.18555959466667E-05,1.46447597779639,0.000162471329203,0.000115415607389667,0.646952438364618,0.00160463211618713,0.050,0.000272799184749603,0.000173712850064667,,,0.181839113123321,0.159439113123321,,0.197657503093757,0.175257503093757,0.103757156640076,0.059,0.0297510468074766,0.765383461612989,8.62361201130893E-05,0.554283425765088,0,0,0,#REF!,0.0859376569448
d03c18Bax41,Control,Yes,JB023,0.493775,4.226,661,620,y,0.0725017861,0.2443682,0.0376488854255992,0.0312,0.203291690374138,0.295185025054662,0.23240384306309,0.295113562702106,0.285062289635,0.247407168050069,0.000144247017832333,0.000198581054499,0.000262776885756333,,,,,,,,,,,,,,2.82653771568598,0.000351683601421,0.000297349564754333,2.06527150273081,1.4351939146894E-43,0.000143610323336333,2.93549509346869,0.000317110922423,0.000262776885756333,0.697307600140562,4.58217288506272E-28,0.123,0.0388602194064441,0.000147582121170833,,,0.176903226514789,0.153403226514789,,0.25590384306309,0.23240384306309,0.17924266414373,0.132,0.0492255564817207,0.634751351750498,5.85174952267843E-26,0.690823528400916,0.185064320667834,0.205877203356668,0.182377203356668,#REF!,0.285214732235
d05c01ax43,Control,No,JB023,0.101045,1.28525,316,273,n,0,0.045781,0.0156391898878009,0.0176,0.204721923658349,0.182005205189825,0.135400153639461,0.204472992225469,0.0597662734488,0.0441260001512963,4.38538974449667E-05,0.0000909096192583,9.62308510401667E-05,,,,,,,,,,,,,,1.25084348749887,0.000144621967953,9.75662461396667E-05,1.02160487613962,4.37297847031E-09,4.36826103365167E-05,1.20613323631549,0.0001432865728535,9.62308510401667E-05,1.05704777074039,7.69053619454E-09,0.037,2.42683825735983E-05,0.000120428818556167,,,0.274039393536645,0.251639393536645,,0.157800153639461,0.135400153639461,0.0964739215352451,0.052,0.0294032855404099,0.598939512274369,4.04373017182E-08,0.637621827303277,0,0,0,#REF!,0.0523907382888
d05c04ax44,Control,Yes,JB023,0.329425,3.0495,730,684,y,0.0352870561,0.2627236,0.0415306590179609,0.0198,0.288179763026418,0.329530165238362,0.210225550697004,0.337094150696085,0.233257924925,0.191723472797357,6.94448638043333E-05,0.000123778900471,0.000163909952850333,,,,,,,,,,,,,,2.400086254858,0.000246376560368,0.000192042523701333,2.49701453892124,2.52629438595286E-58,6.94448638043333E-05,2.02515035554312,0.000218243989517,0.000163909952850333,0.921189605534756,1.7508128757431E-39,0.094,0.460230791167255,0.000112786868292333,,,0.174427930746222,0.150927930746222,,0.233725550697004,0.210225550697004,0.144134423020071,0.097,0.0388509656126453,0.508946826710434,1.73186455980375E-41,0.630640067274186,0.203247238894486,0.218313640619153,0.194813640619153,#REF!,0.226139650395
d05c05ax45,Control,No,JB023,0.111425,1.44375,283,242,n,0,0.056088,0.0140472123072726,0.0187,0.194016393045479,0.17617841810601,0.131974571360292,0.217295141862902,0.047684698516,0.033633436254898,5.27272944702667E-05,0.0000997830162836,8.33720087696667E-05,,,,,,,,,,,,,,1.56041690399098,0.000130427730583,8.33720087696667E-05,0.859430950160834,8.59838843566599E-05,5.27272944702667E-05,1.56041690399098,0.000130427730583,8.33720087696667E-05,0.859430950160834,0.00017196776871332,0.031,0.000390480967566618,0.000153529513039667,,,0.238959326561488,0.216559326561488,,0.154374571360292,0.131974571360292,0.0858686429396016,0.041,0.0252086032807127,0.74267594156929,1.35064716532334E-05,0.587400863221927,0,0,0,#REF!,0.0401873905768
d05c06ax46,Control,No,JB023,0.091248,1.24925,150,115,n,0,0.038905,0.00745259192066771,0.0317,0.150576078388229,0.1811375100537,0.127814416564496,0.168254844513114,0.0396169395512,0.0321706375923304,9.10624395151667E-05,0.0001381181613285,0.000140621553142667,,,,,,,,,,,,,,1.23337866909752,0.000187677274956,0.000140621553142667,1.0468418475822,0.000834079276035039,9.10624395151667E-05,1.23337866909752,0.000187677274956,0.000140621553142667,1.0468418475822,0.00166815855207008,0.031,0.120735784005212,0.000131603492638667,,,0.205556543095091,0.183156543095091,,0.150214416564496,0.127814416564496,0.0785624895619411,0.034,0.0398904837524423,0.795767212212078,0.00181976364786983,0.586230671708568,0,0,0,#REF!,0.034174283008
d05c08ax48,Control,No,JB023,0.206575,1.96475,532,483,y,0,0.0918501,0.0263160997286304,0.0208,0.246871967631829,0.21511898108546,0.174804763347686,0.293387790107316,0.118953570944,0.0926418551604043,7.85720443671667E-05,0.0001256277661805,0.000127015685010667,,,,,,,,,,,,,,2.13536936766927,0.000174071406824,0.000127015685010667,1.00196532425824,7.392996633059E-16,7.85720443671667E-05,2.13536936766927,0.000174071406824,0.000127015685010667,1.00196532425824,1.4785993266118E-15,0.063,1.71337430784966E-06,0.000157742819896167,,,0.262566972988708,0.240166972988708,,0.197204763347686,0.174804763347686,0.116459984167723,0.072,0.0323447993597196,0.644128838571021,4.74324634791372E-18,0.616789862232509,0,0,0,#REF!,0.108460837912
d05c09ax43,Control,Yes,JB023,0.153600,1.8255,115,82,n,0.0294805001,0.034251,0.00656116571590092,0.0498,0.312132420963912,0.31050099168109,0.276612403418542,0.391479981116155,0.05625183076,0.04969100318757,9.94353012433333E-05,0.00015376933791,0.000190568315894333,,,,,,,,,,,,,,1.33103607351364,0.000426369223164,0.000372035186497333,0.875032457183623,0.0020376000457602,9.94353012433333E-05,1.33103607351364,0.000244902352561,0.000190568315894333,-0.438001941314101,0.148989898989899,0.046,0.0131561636676922,9.94353012433333E-05,,,0.335632420963912,0.312132420963912,,0.300112403418542,0.276612403418542,0.0769508705302689,0.030,0.0681976108794093,0.730354715637422,0.0385408699788806,0.274007426254429,0.134497123812016,0.0983850906376492,0.0748850906376492,#REF!,0.05625183076
d05c10ax50,Control,No,JB023,0.121600,1.442,358,307,n,0,0.045486,0.0177714908366058,0.0229,0.266115663534171,0.194560344173073,0.162277530466985,0.27104970571382,0.0647047612776,0.0469273611024962,9.06311210286667E-05,0.000137686842842,8.78606026896667E-05,,,,,,,,,,,,,,2.56581993583881,0.000134916324503,8.78606026896667E-05,0.763943308769015,0.481987403040269,9.06311210286667E-05,2.56581993583881,0.000134916324503,8.78606026896667E-05,0.763943308769014,0.987864098370657,0.036,0.0898295560496436,0.000234178577967667,,,0.312510192512653,0.290110192512653,,0.184677530466985,0.162277530466985,0.0864191854494493,0.042,0.0274313683059822,0.834937776608524,0.0174516900082028,0.484572720664727,0,0,0,#REF!,0.0566944886168
d05c11ax51,Control,Yes,JB023,0.573150,4.1205,1353,1290,y,0.035996452,0.4996603,0.0797083899043911,0.0230,0.226973621965752,0.335803397003358,0.282649565297238,0.346512056068172,0.40576678058,0.326062102927006,0.000108018690511333,0.000162352727178,0.000180612573066333,,,,,,,,,,,,,,3.76729193666487,0.000243832584109,0.000189498547442333,2.03159330633934,2.06180940922005E-65,0.000107916993770333,3.77836764680053,0.000234946609733,0.000180612573066333,0.826012969969879,7.73849568034559E-55,0.109,1.5969604560076E-06,0.000181511960676833,,,0.266232899386234,0.242732899386234,,0.306149565297238,0.282649565297238,0.167195118951242,0.120,0.0372688522367677,0.617944463547681,1.21011607242843E-69,0.544862653187985,0.256099931473053,0.328615995136734,0.305115995136734,#REF!,0.38847183472
d05c14ax53,Control,Yes,JB023,1.150500,6.7705,2523,2442,y,0.0851969048,0.623794,0.144959524586916,0.0219,0.329434824135819,0.397822643274651,0.339393145391667,0.360665306218318,0.791552733745,0.646570202837732,0.000102817895463333,0.00015715193213,0.000193657541452333,,,,,,,,,,,,,,4.84682399319364,0.0002569269747985,0.000202592938131833,100,4.01630420188275E-163,0.000102300769395333,3.82399233192702,0.000247991578119,0.000193657541452333,0.739896442512675,3.05618607658312E-138,0.127,3.27390078639832E-37,0.000162801069460333,,,0.315045902369717,0.291545902369717,,0.362893145391667,0.339393145391667,0.210731469763345,0.164,0.0372598213068365,0.587677645636734,3.55696859902542E-142,0.585829242065117,0.35993855281875,0.2698526157591,0.2463526157591,#REF!,0.767461026915
d05c15ax54,Control,No,JB023,0.113450,1.52125,165,136,n,0,0.053169,0.00814225479272151,0.0243,0.178257358057578,0.163003375863752,0.123134624793788,0.188066633821478,0.0377510003176,0.0296105272024692,7.88005414716667E-05,0.000125856263285,0.000137409136960667,,,,,,,,,,,,,,0.366879266171512,0.000184464858774,0.000137409136960667,0.0553800487139337,0.000294826931545475,7.88005414716667E-05,0.366879266171512,0.000184464858774,0.000137409136960667,0.0553800487139337,0.000589653863090951,0.035,0.0319964320078306,0.000157371957852667,,,0.222269537180186,0.199869537180186,,0.145534624793788,0.123134624793788,0.0908901342640602,0.046,0.0305661136903916,0.796327804491535,0.00156765426421027,0.664130482561666,0,0,0,#REF!,0.0320731066504
d05c16ax55,Control,No,JB023,0.057183,1.1065,181,146,n,0,0.049985,0.00898504683343671,0.0252,0.173795330061769,0.211821120769509,0.128579757535452,0.194819252304032,0.0431364491592,0.0341478370505626,6.88154162866667E-05,0.0001158711381,0.000104747998688167,,,,,,,,,,,,,,1.52557409447578,0.000260874466,0.000213818744186667,0.288576393361732,2.73988139E-12,6.65105019741667E-05,0.789636931126914,0.0001518037205015,0.000104747998688167,0.838920397535883,0.00278325217458185,0.043,0.0101414000131377,0.000134304229969667,,,0.314129467085407,0.291729467085407,,0.150979757535452,0.128579757535452,0.0724448416099653,0.028,0.0465880204775734,0.540812393628488,5.7742918832E-10,0.496204902553785,0,0,0,#REF!,0.0400437097288
d05c17ax38,Control,No,JB023,0.086273,1.18325,247,212,n,0,0.043004,0.0122623996014598,0.0261,0.197850775307608,0.17741646311965,0.145080974801727,0.205991559665127,0.0514185895144,0.0391597941712698,8.22473035931667E-05,0.0001293030254065,0.000120458304834667,,,,,,,,,,,,,,1.33720506129344,0.000167514026648,0.000120458304834667,0.397693467853987,0.000722751733443813,8.22473035931667E-05,1.33720506129344,0.000167514026648,0.000120458304834667,0.397693467853987,0.00144550346688763,0.044,0.00374902582021658,0.000172288469166667,,,0.247975315554423,0.225575315554423,,0.167480974801727,0.145080974801727,0.0977548745201075,0.053,0.0312751176929215,0.83414220817197,0.0123726807396285,0.622473629109883,0,0,0,#REF!,0.0441344477048
d05c18ax57,Control,Yes,JB023,0.516550,4.14325,1193,1128,y,0.0188949108,0.4825413,0.0680627052821393,0.0237,0.246041726551547,0.379109673838923,0.300291903425901,0.348863925134001,0.3286175335,0.26056204123095,0.000111813089509333,0.000166147126176,0.000156215064552333,,,,,,,,,,,,,,4.3843882278069,0.000210526864317,0.000156192827650333,0.798906119302652,7.13704155728775E-26,0.000111633333262333,4.37909900312851,0.000210549101219,0.000156215064552333,0.798164582797592,7.01390065097642E-26,0.104,0.0349170014121382,0.000200070048389833,,,0.172379349323257,0.148879349323257,,0.323791903425901,0.300291903425901,0.15829708099774,0.111,0.0341604514258649,0.693084735802549,1.71159806001031E-36,0.499427890426905,0.584794254677301,0.588903583235559,0.565403583235559,#REF!,0.316735342775
d09c02ax58,Control,Yes,JB023,0.261675,2.32175,599,545,y,0.0476546567,0.1042493,0.034173421848325,0.0177,0.186415956537916,0.237312397631822,0.185364736012718,0.253234546127281,0.11619011953,0.0820090778140366,6.59809911563333E-05,0.000120315027823,9.16871229093333E-05,,,,,,,,,,,,,,1.21015761236005,0.0001462039450775,9.18699084108333E-05,0.696757990309905,5.3275239485798E-07,6.60154254633333E-05,0.998054876546425,0.000146021159576,9.16871229093333E-05,0.688832007908147,4.8040225024068E-07,0.055,5.18477399194167E-05,0.000202422166573333,,,0.210104086819207,0.186604086819207,,0.208864736012718,0.185364736012718,0.110215433487337,0.063,0.025179982832893,0.70288089705864,2.436777048158E-08,0.532576964548058,0.21113434647796,0.249377984916233,0.225877984916233,#REF!,0.10182937973
d09c03ax15,Control,Yes,JB023,0.315875,2.75725,1134,1082,n,0.0225125067,0.29411,0.0646330432920452,0.0150,0.19445649622061,0.30485456668874,0.245640178386619,0.219266228068259,0.24996119589,0.185318546490243,6.05019219108333E-05,0.0001148359585775,0.000114744308036333,,,,,,,,,,,,,,3.00749459887703,0.0001825867137545,0.000128252677087833,0.712821055490807,3.63689359513689E-69,6.02666971343333E-05,3.10216066415179,0.000169078344703,0.000114744308036333,0.691130541555099,2.47075237090521E-56,0.095,0.105664622466006,0.000161733663623833,,,0.294711119545769,0.271211119545769,,0.269140178386619,0.245640178386619,0.142568546536953,0.096,0.0292331991467016,0.512296906067544,4.30189255377983E-60,0.525375793796679,0.234177322718092,0.270481183484909,0.246981183484909,#REF!,0.22564609493
d09c06ax60,Control,No,JB023,0.087088,1.21775,227,186,n,0,0.041794,0.0112748687870355,0.0223,0.185795463612652,0.171421566318999,0.131677438986304,0.194954428699241,0.0419548616192,0.0306821179957215,7.40779399506667E-05,0.000121133661764,8.86617310436667E-05,,,,,,,,,,,,,,0.422778107925217,0.000135717452857,8.86617310436667E-05,0.654898003940154,0.0671176678819341,7.40779399506667E-05,0.422778107925217,0.000135717452857,8.86617310436667E-05,0.654898003940154,0.134235335763868,0.028,0.00517879151299127,0.000141646451395167,,,0.247517881160563,0.225117881160563,,0.154077438986304,0.131677438986304,0.0808322974495101,0.036,0.0280758596577889,0.793170809939954,0.00506722802283451,0.573127308328605,0,0,0,#REF!,0.0327723835608
d09c07ax31,Control,No,JB023,0.121525,1.9015,236,210,n,0,0.051253,0.0117224023245281,0.0295,0.167550274745174,0.254111257319675,0.161364445207606,0.170986399213331,0.0716108361344,0.0598955017908319,8.30572953206667E-05,0.000130113017134,0.000150309330999167,,,,,,,,,,,,,,3.16528616013229,0.000217773311715,0.000170717589901667,0.572596335275337,1.512900750638E-08,8.18932345081667E-05,2.52427316093573,0.0001973650528125,0.000150309330999167,0.838192682704177,1.71580195898875E-06,0.062,0.142930230568809,0.000106117071198667,,,0.167971086386644,0.145571086386644,,0.183764445207606,0.161364445207606,0.106480428822118,0.062,0.0448393396924329,0.65879265464616,3.62518102096E-09,0.6217038671782,0,0,0,#REF!,0.0672861247536
d09c09Bax62,Control,Yes,JB023,0.247275,2.844,355,303,n,0.0489196219,0.062954,0.020878441165962,0.0242,0.176680433897479,0.25344658536169,0.183037255851087,0.179493034938356,0.10002642603,0.0791438207596015,7.97972250343333E-05,0.000134131261701,0.000171504366789333,,,,,,,,,,,,,,1.45577110421316,0.000237360966631,0.000183026929964333,1.33598235234896,5.35146825669639E-18,7.80404036853333E-05,1.61328595917593,0.000225838403456,0.000171504366789333,0.359298996818182,1.063965E-14,0.054,0.359562096803349,0.000135932375418833,,,0.25386469968158,0.23036469968158,,0.206537255851087,0.183037255851087,0.097602110226302,0.051,0.0385418449056499,0.627295216303253,4.838616E-13,0.488973729124577,0.174109978496651,0.232571801072872,0.209071801072872,#REF!,0.088824983735
d09c10ax63,Control,No,JB023,0.042653,0.899475,25,11,n,0,0.056419,0.00139052056721751,0.0676,0.0770490770679919,0.167114197623318,0.079696771250451,0.0924371180745067,0.007151957032,0.00576071338764496,-4.70557218133333E-05,0,0,,,,,,,,,,,,,,100,0,-4.70557218133333E-05,100,0,-4.70557218133333E-05,100,0,0,100,0,0.024,0.0654840518991059,0,,,0.121334436027302,0.098934436027302,,0.102096771250451,0.079696771250451,0.0561719972740934,0.011,0.0688471338532733,0.982494594532071,0.407940736022288,0.555029107747482,0,0,0,#REF!,0.0066528012956
d09c14ax66,Control,No,JB023,0.060010,0.9643,47,27,n,0,0.078654,0.00233353202664898,0.0567,0.0419323033158884,0.152145373253179,0.103423520397391,0.141591476655471,0.019164241212,0.0168286815853201,0.000122424179643667,0.000169479901457,0,,,,,,,,,,,,,,0.800326645726043,0,-4.70557218133333E-05,100,0,0.000122424179643667,0.800326645726043,0,0,100,0,0.022,0.00215525785344579,0,,,0.193079531776103,0.170679531776103,,0.125823520397391,0.103423520397391,0.0881199473080816,0.043,0.0653116094068569,0.868835278774745,0.106067980679442,1.02223579108636,0,0,0,#REF!,0.019164241212
d01c02ax01,LTP,Yes,JB023,0.3838,3.2538,610,546,y,0.0533170588,0.1611251,0.030851635774448,0.0330,0.235948939212142,0.312711841361249,0.261318250701911,0.33973192756562,0.226245254798,0.195393619023552,0.000145193475325333,0.000193520905512,0.000249754493997333,,,,,,,,,,,,,,3.67396452059107,0.000298721615608,0.000250394185421333,0.702862924576801,7.14745553335487E-18,0.000145193475325333,3.67396452059107,0.000298081924184,0.000249754493997333,0.713665427776824,9.24363821418942E-18,0.074,0.0768575472971168,0.140798560287182,,,0.241798944849431,0.219198944849431,,0.283918250701911,0.261318250701911,0.124762356605524,0.080,0.0465227787060422,0.709167959767293,1.229769E-14,0.431234225163515,0.116081314256542,0.163398560287182,0.140798560287182,#REF!,0
d01c06ax02,LTP,Yes,JB023,0.251,2.4558,316,273,y,0.0356724411,0.1064833,0.0158308683369867,0.0335,0.244278816720112,0.232308109369396,0.183516827218784,0.340616855835332,0.133885561392,0.118054693055013,0.000156159589608833,0.0002044870197955,0,,,,,,,,,,,,,,100,0.000329971900022,0.000281644469835333,0.595269520375447,1.700365E-14,0.000155071625087333,1.01008009336611,0,0,0,0,0.085,0.00141504282761591,0.166432033375619,,,0.237540272509263,0.214940272509263,,0.206116827218784,0.183516827218784,0.110219099674652,0.065,0.0508995239165588,0.657719952461959,1.71579703193986E-17,0.5611205761803,0.155506372661479,0.189032033375619,0.166432033375619,#REF!,#REF!
d01c10ax03,LTP,Yes,JB023,0.4823,3.9433,481,435,y,0.0560115762,0.1771058,0.024331665730331,0.0426,0.334092911874534,0.305714280534491,0.23850308403488,0.415613135277938,0.286456462686,0.262124796955669,0.000213627563587333,0.000261954993774,0,,,,,,,,,,,,,,100,0.000448343225328,0.000400015795141333,0.991143809779074,1.0088434578479E-22,0.000209918194984833,1.09193718598075,0,0,0,0,0.131,0.22423864493286,0.143159517283272,,,0.190284812275392,0.167684812275392,,0.26110308403488,0.23850308403488,0.187249613961303,0.142,0.0650647379199319,0.654091271166281,7.55627564624034E-18,0.72914508111091,0.219231054241902,0.165759517283272,0.143159517283272,#REF!,#REF!
d01c13Aax05,LTP,Yes,JB023,0.2515,2.6055,286,250,y,0.02638443424,0.1105389,0.0144591801270204,0.0395,0.168308089849222,0.285594077635951,0.190187144182736,0.21096237787667,0.12714748606,0.11268830593298,0.000154375662820333,0.000202703093007,0,,,,,,,,,,,,,,100,0.0003409245498685,0.000292597119681833,0.749731039776441,5.31670591714E-09,0.000154375662820333,7.66212757610351,0,0,0,0,0.065,0.240467914387641,0.130605902842405,,,0.183666413775858,0.161066413775858,,0.212787144182736,0.190187144182736,0.109324778947877,0.064,0.0558026571624063,0.707630238487662,2.7557652724323E-07,0.524315999196929,0.117113193516482,0.153205902842405,0.130605902842405,#REF!,#REF!
d01c15ax06,LTP,Yes,JB023,0.5388,4.2370,1146,1087,y,0.0402,0.3832309,0.057961704053317,0.0338,0.278247132931815,0.374959665244134,0.319625169812402,0.358412913964955,0.42691505637,0.368953352316683,0.000168645862467333,0.000216973292654,0.000224564157252333,,,,,,,,,,,,,,1.00099875825268,0.000281944154323,0.000233616724136333,0.612414283077606,8.14338468805546E-29,0.000168426733097333,1.01949709662281,0.000272891587439,0.000224564157252333,0.644572756008374,4.11141502786504E-25,0.123,0.462761217908816,0.159650202539609,,,0.255078306953469,0.232478306953469,,0.342225169812402,0.319625169812402,0.164449245656817,0.119,0.0457114606441817,0.740196904391885,1.92123851185698E-28,0.489075551572007,0.134096717751784,0.182250202539609,0.159650202539609,#REF!,#REF!
d01c16ax35,LTP,No,JB023,0.0784,1.227,185,157,n,0,0.0573297,0.00717731274711487,0.0336,0.179941744139346,0.203294484888107,0.140871368148147,0.188998198031485,0.0505451321465,0.0433678193993851,0.000122309232104,0.000159443889464,0,,,,,,,,,,,,,,0.277411167856141,0.000194550195789,0.000157415538429,0.492896404426544,0.0177416977450751,0.000122309232104,0.277411167856141,0,0,0,0,0.056,0.380816490530513,0,,,0.244010206906897,0.223310206906897,,0.161571368148147,0.140871368148147,0.0933267181400354,0.052,0.0414686578700137,0.809101616644523,0.00510827695771583,0.623767424032563,0,0,0,#REF!,0
d01c17ax07,LTP,Yes,JB023,0.1135,1.733,123,93,n,0.0266235489,0.0684625,0.00621770807771846,0.0339,0.052220751350358,0.167539865314832,0.119739612810449,0.119668217140961,0.0295983739568,0.0233806658790815,8.77991856343333E-05,0.000136126615821,0,,,,,,,,,,,,,,1.29326988084717,0.000198637167449,0.000150309737262333,0.653234056082314,0.00107155122547696,8.77991856343333E-05,1.29326988084717,0,0,0,0,0.035,0.119112093942121,0.184886587040658,,,0.138563942827428,0.115963942827428,,0.142339612810449,0.119739612810449,0.0770620699035142,0.032,0.0390239299529519,0.868277201393068,0.0364235071437397,0.571894114516163,0.205023645373741,0.207486587040658,0.184886587040658,#REF!,#REF!
d01c18ax36,LTP,No,JB023,0.0917,1.714,178,142,n,0,0.0230304,0.00690672124063474,0.0373,0.249520968576386,0.240401191420618,0.156664469679275,0.240292962490382,0.04552336705,0.0386166458093653,0.000101571157827,0.000138705815187,0,,,,,,,,,,,,,,-0.209782849726286,0.000152744552628,0.000115609895268,1.16555526832326,0.318355188325669,0.000101571157827,-0.209782849726286,0,0,0,0,0.035,0.263154600703992,0,,,0.321756452407537,0.301056452407537,,0.177364469679275,0.156664469679275,0.0802869761767703,0.039,0.0469416353898295,0.794575601255625,0.0265735434208982,0.536861182285907,0,0,0,#REF!,0
d01c20ax32,LTP,Yes,JB023,0.475,4.1065,594,537,y,0.0640702248,0.1894812,0.0300517674969794,0.0447,0.233583961490163,0.443010124621433,0.317553735720166,0.302235925550299,0.343328999368,0.313277231871021,0.000163859501216333,0.000212186931403,0,,,,,,,,,,,,,,3.71881902103553,0.000407844536378,0.000359517106191333,100,5.53147326083316E-21,0.000160085107441333,3.85431203324059,0,0,0,0,0.113,7.9055778769352E-05,0.119317565611016,,,0.257585068021958,0.234985068021958,,0.340153735720166,0.317553735720166,0.142026959426732,0.097,0.0660309469821583,0.676495961755171,1.54542409550886E-17,0.462885409018429,0.0730227585632305,0.141917565611016,0.119317565611016,#REF!,#REF!
d01c21ax38,LTP,No,JB023,0.2144,2.178,544,494,y,0,0.1108822,0.0211114000978472,0.0331,0.236068314898856,0.274579550903995,0.221662727921854,0.313037693222368,0.149875938539,0.128764538441153,0.0001446403577825,0.0001817750151425,0,,,,,,,,,,,,,,1.09445204109486,0.000223267616154,0.000186132958794,0.365082016787572,1.2498358138176E-07,0.0001446403577825,1.09445204109486,0,0,0,0,-0.041,0,0,,,0.239965232231513,0.219265232231513,,0.242362727921854,0.221662727921854,0.12468523249277,0.083,0.0439829253436805,0.752053054849356,2.4535178378E-10,0.51848914497743,0,0,0,#REF!,0
d01c22ax39,LTP,No,JB023,0.1141,1.566,201,165,n,0,0.0355019,0.00779707431078005,0.0338,0.233800118474686,0.196190057167911,0.159429562993413,0.231624311997884,0.0476152504287,0.0398181761179199,0.000138121771649,0.000175256429009,0,,,,,,,,,,,,,,0.242708155718717,0.000172914045841,0.000135779388481,0.260248847781934,0.314431675468596,0.000138121771649,0.242708155718717,0,0,0,0,0.049,0.384720129522312,0,,,0.271226546972608,0.250526546972608,,0.180129562993413,0.159429562993413,0.0830247648143664,0.042,0.040083838763541,0.843583575212385,0.0345739815818912,0.51024278878652,0,0,0,#REF!,0
d01c23ax40,LTP,No,JB023,0.1514,1.665,468,414,y,0,0.140992,0.0181604735248773,0.0306,0.222106984762047,0.228521716276702,0.18912372496621,0.275119370538337,0.114698986255,0.0965385127301227,0.0001177579450385,0.0001548926023985,0,,,,,,,,,,,,,,2.075040814704,0.0001955764746425,0.0001584418172825,0.917619424448263,4.66759028718007E-06,0.0001177579450385,2.075040814704,0,0,0,0,0.054,1.52990022412534E-05,0,,,0.22886627167435,0.20816627167435,,0.20982372496621,0.18912372496621,0.110612264424387,0.069,0.0398359868345142,0.769396334146471,0.000106142097561399,0.532750559373592,0,0,0,#REF!,0
d01c24ax08,LTP,Yes,JB023,0.5851,4.145,1000,932,y,0.0562334508,0.4806963,0.0505824001106743,0.0262,0.184316709027896,0.304610475605545,0.246059505790034,0.251531129610718,0.337820655862,0.287238255751326,9.91942951473333E-05,0.000147521725334,0,,,,,,,,,,,,,,3.09331726260191,0.00027175551846,0.000223428088273333,100,3.93425378873588E-54,9.91942951473333E-05,3.09331726260191,0,0,0,0,0.088,1.28999888103293E-21,0.168481853880638,,,0.14507079315651,0.12247079315651,,0.268659505790034,0.246059505790034,0.167607827553784,0.122,0.0435146520312642,0.602721590188895,5.49289300855291E-39,0.644865378450878,0.18419671761558,0.191081853880638,0.168481853880638,#REF!,#REF!
d01c26ax41,LTP,No,JB023,0.0846,1.368,103,76,n,0,0.0138708,0.00399956112663707,0.0408,0.161583621309513,0.170066017347296,0.120599161258122,0.16531103191499,0.0331484076625,0.0291488465358629,0.000147241112874,0.000184375770234,0.000210729287709,,,,,,,,,,,,,,0.439168220401077,0.000247863945069,0.000210729287709,0.157533951609702,0.0111631812668698,0.000147241112874,0.439168220401077,0.000247863945069,0.000210729287709,0.157533951609702,0.0223263625337396,0.043,0.358314641827802,0,,,0.23398045841355,0.21328045841355,,0.141299161258122,0.120599161258122,0.0806297055221217,0.039,0.0540530324872655,0.755566302110848,0.00970427968676921,0.660052187964264,0,0,0,#REF!,0
d01c27ax09,LTP,Yes,JB023,0.5842,5.2153,901,856,y,0.0500712208,0.3383493,0.045571475319084,0.0335,0.372230314514281,0.41411460904655,0.308678921455423,0.555556008334092,0.424804994862,0.379233519542916,0.000130659673521333,0.000178987103708,0.000296586500975333,,,,,,,,,,,,,,2.89420771332963,0.000426438482964,0.000378111052777333,0.509659057005261,6.18421146310887E-71,0.000125816090069333,2.43435528371049,0.000344913931162,0.000296586500975333,0.665093201302444,5.45176641330806E-52,0.142,0.017628670505572,0.168133983937412,,,0.310191438793469,0.287591438793469,,0.331278921455423,0.308678921455423,0.202894285957812,0.158,0.0591047335064743,0.566809906294713,2.62140963368664E-53,0.604795597226048,0.140889666795574,0.190733983937412,0.168133983937412,#REF!,#REF!
d01c28ax42,LTP,No,JB023,0.1246,1.9373,230,201,y,0,0.0680468,0.00896941405733551,0.0426,0.19162441806892,0.220131772706808,0.174629469674996,0.14319839215434,0.073550113856,0.0645806997986645,0.000148114420781,0.000185249078141,0.000169230842999,,,,,,,,,,,,,,1.17972875484778,0.000271322871699,0.000234188214339,0.475303469848102,7.17284612520712E-06,0.0001430774809655,1.16818046690628,0.000206365500359,0.000169230842999,0.962793804955539,0.0323567226166852,0.059,0.0910831910822087,0,,,0.325581637496672,0.304881637496672,,0.195329469674996,0.174629469674996,0.108337713618066,0.067,0.0533944158867327,0.79864180617294,3.35794592867104E-05,0.588748572561776,0,0,0,#REF!,0
d01c29ax43,LTP,No,JB023,0.1228,1.54,309,271,n,0,0.0908692,0.0119863524133712,0.0323,0.254519002779616,0.215058894278142,0.172606940739116,0.240341308296952,0.0727351277031,0.0607487752897288,0.000118311386548,0.000155446043908,0.0001445563101525,,,,,,,,,,,,,,0.867488514944623,0.0001816909675125,0.0001445563101525,0.88215333683055,0.000406299320842379,0.000118311386548,0.867488514944623,0.0001816909675125,0.0001445563101525,0.88215333683055,0.000812598641684758,0.067,0.024051953875139,0,,,0.197773960005654,0.177073960005654,,0.193306940739116,0.172606940739116,0.119625347294192,0.078,0.0371920941386021,0.867669329813444,0.00878308149100111,0.64580564776694,0,0,0,#REF!,0
d01c30ax44,LTP,No,JB023,0.1864,2.0273,604,555,y,0,0.06015,0.022856261635303,0.0286,0.19824080651509,0.267611214321,0.217303799379442,0.253901202099193,0.136752066128,0.113895804492697,0.00010473914355,0.00014187380091,0.000143389102807,,,,,,,,,,,,,,1.26256840435823,0.000175027681107,0.000137893023747,0.674303375218991,5.43183324191E-09,0.000104740147549,1.25357154115381,0.000180523760167,0.000143389102807,0.737164995558911,1.96798950897E-09,0.078,0.0899674915010135,0,,,0.245609919492504,0.224909919492504,,0.238003799379442,0.217303799379442,0.124156116637996,0.083,0.0357415093188586,0.799537390235223,4.37706424509681E-06,0.515943182719605,0,0,0,#REF!,0
d01c35ax10,LTP,Yes,JB023,0.5184,4.6563,953,889,y,0.04271217618,0.466369,0.0481873977311711,0.0293,0.149785761658334,0.385732166926618,0.310631589689185,0.135368431706396,0.285816297562,0.237628899830829,0.000130089649799333,0.000178417079986,0.000182287836043833,,,,,,,,,,,,,,1.8464276183599,0.000257511396752,0.000209183966565333,0.840090682056719,2.99717445416845E-29,0.000126515400137333,1.90786718385335,0.0002306152662305,0.000182287836043833,0.761709273099441,3.14554461451708E-17,0.101,0.467749147699187,0.248373033900398,,,0.201596170879534,0.178996170879534,,0.333231589689185,0.310631589689185,0.146316467568814,0.101,0.0408726229209011,0.717193871456027,8.4619567291905E-28,0.433002020482604,0.309530394660174,0.270973033900398,0.248373033900398,#REF!,#REF!
d01c36ax11,LTP,Yes,JB023,0.2654,3.3065,221,181,y,0.042289054,0.112788,0.0111312526210612,0.0333,0.142885390926451,0.207792359090673,0.153013154476002,0.182890164905088,0.078815811688,0.0676845590669388,0.000140928786181833,0.0001892562163685,0.000190702469729833,,,,,,,,,,,,,,1.39768202610549,0.000252140538583,0.000203813108396333,1.01269868919625,3.90610849488997E-05,0.000140928786181833,1.39768202610549,0.0002390298999165,0.000190702469729833,1.09920537311089,0.000508784493057723,0.064,0.0495305536471199,0.151646385229929,,,0.157250063822116,0.134650063822116,,0.175613154476002,0.153013154476002,0.0948643483718664,0.050,0.0479956385935443,0.693899057754738,7.8342116965041E-05,0.610665177384939,0.159367612675017,0.174246385229929,0.151646385229929,#REF!,#REF!
d01c44ax12,LTP,Yes,JB023,0.5549,5.0138,544,501,y,0.0569626205,0.1525462,0.0275162267034541,0.0300,0.233519270570453,0.314638168441404,0.244858157154043,0.321322095582494,0.200793389704,0.173277163000546,0.000134137608931833,0.0001824650391185,0.000224930429909333,,,,,,,,,,,,,,2.213411260855,0.000286286565825,0.000237959135638333,0.923339398352403,8.64749883771576E-23,0.000133615643567333,2.27458912230738,0.000273257860096,0.000224930429909333,0.983424748005111,1.43588971079122E-21,0.087,0.256383017892707,0.71241987196099,,,0.209771680338941,0.187171680338941,,0.267458157154043,0.244858157154043,0.127562524116291,0.082,0.0460668125369222,0.651036245668285,3.06972011175832E-24,0.49792165032727,0.665921165269796,0.73501987196099,0.71241987196099,#REF!,#REF!
d01c48ax45,LTP,Yes,JB023,0.0829,1.2085,88,60,n,0.0266466141,0.038761,0.00445214114406555,0.0567,0.11779235423459,0.187016645072861,0.135340084446243,0.11193286157867,0.0302951163966,0.0258429752525344,6.01341551853333E-05,0.000108461585372,0,,,,,,,,,,,,,,0.997329867728952,0,-4.83274301866667E-05,100,0,6.01341551853333E-05,0.997329867728952,0,0,0,0,0.026,0.277437170991227,0.0469251077367575,,,0.183644036575612,0.161044036575612,,0.157940084446243,0.135340084446243,0.0689475325193747,0.024,0.0612587695128333,0.92572043473713,0.321661294621812,0.543633013978508,0.0339315656202166,0.0695251077367575,0.0469251077367575,#REF!,#REF!
d01c49ax46,LTP,Yes,JB023,0.6078,4.881,1284,1218,y,0.0743392185,0.4189624,0.0647907316584119,0.0280,0.235348119923131,0.351089075712512,0.294013050085482,0.249302819135173,0.380253644268,0.315462912609588,0.000121352722182833,0.0001696801523695,0.000185331778379333,,,,,,,,,,,,,,3.65894064323602,0.0002500429428615,0.000201715512674833,1.06537798249095,6.41987266658079E-41,0.000120708241735833,2.80353985114046,0.000233659208566,0.000185331778379333,1.1331576913146,1.02694048173499E-30,0.104,0.00126623599904778,0.218087712866696,,,0.268683787033209,0.246083787033209,,0.316613050085482,0.294013050085482,0.158703896270667,0.114,0.0393915430579078,0.711467408284951,9.50735797081736E-34,0.50732162041446,0.230925216682509,0.240687712866696,0.218087712866696,#REF!,#REF!
d01c50ax47,LTP,No,JB023,0.3095,2.6245,518,467,y,0,0.1611292,0.0201011713450331,0.0419,0.256870645426399,0.274676895669181,0.230509430800521,0.343168809867144,0.20018606229,0.180084890944967,0.000189077971236,0.000226212628596,0.0002721827711475,,,,,,,,,,,,,,2.36158880447759,0.000309617436794,0.000272482779434,0.934600315819152,4.2294897555E-10,0.000189077971236,2.36158880447759,0.0003093174285075,0.0002721827711475,0.940911580114986,8.0123725164E-10,0.078,0.000183744503903543,0,,,0.198852178489976,0.178152178489976,,0.251209430800521,0.230509430800521,0.131985690859799,0.091,0.0524760921269931,0.798752339727864,2.44055572002E-09,0.520769617893105,0,0,0,#REF!,0
d02c20ax48,LTP,No,JB023,0.3361,3.8673,488,452,n,0,0.175484,0.0187815470939354,0.0422,0.198788412630122,0.525786896930414,0.452350087532102,0.27086021454964,0.256658559114,0.237877012020065,0.0001622678686595,0.0001994025260195,0.00037140646514,,,,,,,,,,,,,,3.52464111466846,0.000513417036893,0.000476282379533,0.269901216155714,2.25377763640754E-32,0.0001601131998535,2.96473349221907,0.0004085411225,0.00037140646514,0.626462943464388,2.78359303089906E-24,0.131,1.70065654668145E-05,0,,,0.237394645390223,0.216694645390223,,0.473050087532102,0.452350087532102,0.147484182264054,0.106,0.0707011713154923,0.597439400637959,3.99636964318664E-29,0.350821837669939,0,0,0,#REF!,0
d02c21ax13,LTP,Yes,JB023,0.4374,3.5013,936,887,n,0.0424311161,0.253961,0.0473425811608864,0.0296,0.313405271287335,0.30912598706281,0.259455307601985,0.325617071051755,0.29451883838,0.247176257219114,0.000141072753273833,0.0001894001834605,0.000199438005099833,,,,,,,,,,,,,,4.3081622357817,0.0002502600510545,0.000201932620867833,0.784964356465973,2.58871098527944E-26,0.000140367922045333,4.82732841315153,0.0002477654352865,0.000199438005099833,0.82514850129263,2.5223617202568E-23,0.103,3.84260867032742E-05,0.445714458531653,,,0.347395026568931,0.324795026568931,,0.282055307601985,0.259455307601985,0.161171932926427,0.116,0.0412205599335123,0.717847725358191,1.39109649773504E-23,0.581858947152097,0.416163905288054,0.468314458531653,0.445714458531653,#REF!,#REF!
d02c23ax14,LTP,Yes,JB023,0.5624,3.9055,659,600,n,0.0676267333,0.0916417,0.0333203771624738,0.0295,0.286196086580529,0.26973687613064,0.232032113006082,0.292514159154851,0.22895708519,0.195636708027526,0.000147193555888833,0.0001955209860755,0.000230870510332333,,,,,,,,,,,,,,3.0673559046657,0.000279197940519,0.000230870510332333,0.741685831284449,6.02650397038097E-20,0.000147170199218333,3.08055693211962,0.000279197940519,0.000230870510332333,0.741685831284449,9.18049035492357E-20,0.090,0.0123206328557176,0.324498498603417,,,0.349337750934934,0.326737750934934,,0.254632113006082,0.232032113006082,0.138899140995935,0.094,0.0437567469711363,0.674203176911245,7.71304652697975E-24,0.563235837311625,0.327807506826596,0.347098498603417,0.324498498603417,#REF!,#REF!
d02c25ax50,LTP,No,JB023,0.3731,3.6195,1049,991,n,0,0.54232,0.0407093468938736,0.0317,0.26338454667573,0.340073482614722,0.262281309927142,0.307045212821899,0.298030519765,0.257321172871126,0.000132445811304,0.000169580468664,0.000197991598828,,,,,,,,,,,,,,3.48785799321264,0.000239081422004,0.000201946764644,0.687386544644864,2.17498543132849E-31,0.000132035549162,3.5080823637988,0.000235126256188,0.000197991598828,0.616632329858765,7.2182846646383E-29,0.105,9.37125449950657E-06,0,,,0.314052431324926,0.293352431324926,,0.282981309927142,0.262281309927142,0.162208984548021,0.121,0.0424245037385634,0.746464102801132,2.22629463890173E-25,0.560485862368073,0,0,0,#REF!,0
d02c26ax51,LTP,No,JB023,0.1162,1.4558,149,123,n,0,0.0472168,0.00578320918588354,0.0487,0.210663656874458,0.225670891936752,0.15862308120599,0.210398553116585,0.0606033698808,0.0548201606949165,0.0001896311735645,0.0002267658309245,0.000259910379787,,,,,,,,,,,,,,1.09209074407739,0.000290841794682,0.000253707137322,0.16612333183025,0.0257947411413985,0.000184960599406,1.16071889139304,0.000297045037147,0.000259910379787,0.108427857430311,0.0272055044578041,0.061,0.25136307962858,0,,,0.313013531458442,0.292313531458442,,0.17932308120599,0.15862308120599,0.101076862975281,0.060,0.0557538834044193,0.872792554496879,0.0472041531392397,0.546253287963292,0,0,0,#REF!,0
d02c29ax15,LTP,Yes,JB023,0.1388,1.689,130,104,n,0.0161528122,0.0250182,0.00657349031967272,0.0377,0.252179037007167,0.180835066161401,0.138767063210527,0.269174129712729,0.0489017802526,0.0423282899329273,0.000113733231346333,0.000162060661533,0.000207259291247333,,,,,,,,,,,,,,1.69732458495902,0.00023505475994,0.000186727329753333,0.501278744118892,0.000236725505838915,0.000113733231346333,1.69732458495902,0.000255586721434,0.000207259291247333,0.325512786886177,0.000149578978533839,0.044,0.106507665558818,0.1311081252673,,,0.3619609994213,0.3393609994213,,0.161367063210527,0.138767063210527,0.0881245666441708,0.043,0.0497598633919676,0.757432926933152,0.000160229228906789,0.605025077864956,0.11168083677342,0.1537081252673,0.1311081252673,#REF!,#REF!
d02c30ax53,LTP,Yes,JB023,0.2629,2.5758,383,338,y,0.0527643822,0.0528266,0.0193796005339195,0.0346,0.250674523794957,0.261146088911102,0.205723745277083,0.251811247872383,0.13759528962,0.11821568908608,0.000124961562753833,0.0001732889929405,0.000200425859686333,,,,,,,,,,,,,,0.922340344269779,0.0002485736903835,0.000200246260196833,1.00649115535269,1.4298321E-12,0.000123469790859833,0.839018741675273,0.000248753289873,0.000200425859686333,0.984253247634288,4.9690781E-13,0.068,0.192388680405677,0.101891911005704,,,0.383207946599763,0.360607946599763,,0.228323745277083,0.205723745277083,0.118263714000892,0.073,0.0468435152915532,0.737734020291208,2.16173083671E-09,0.511663421434491,0.0695308243798742,0.124491911005704,0.101891911005704,#REF!,#REF!
d02c32ax54,LTP,No,JB023,0.1294,1.554,252,213,n,0,0.031521,0.00978311463786167,0.0386,0.294167509769428,0.228276432641659,0.1872098348042,0.299392263255142,0.0759888759351,0.0662057612972383,0.000158628731035,0.000195763388395,0.0002074683692755,,,,,,,,,,,,,,1.87130544191943,0.0002446030266355,0.0002074683692755,1.09174818034876,0.00690344289414778,0.000158628731035,1.87130544191943,0.0002446030266355,0.0002074683692755,1.09174818034876,0.0138068857882956,0.053,0.199856661481013,0,,,0.34518959749389,0.32448959749389,,0.2079098348042,0.1872098348042,0.101916576715596,0.061,0.0465162706414572,0.830484681048195,0.00141018876512704,0.505823948534987,0,0,0,#REF!,0
d02c33ax10,LTP,No,JB023,0.2057,2.291,604,552,n,0,0.231001,0.0232479836394917,0.0299,0.229556533725979,0.283498188073095,0.219135956261634,0.230191266677268,0.157203580994,0.133955597354508,0.000114161782047,0.000151296439407,0.000168813292626,,,,,,,,,,,,,,2.19647973043203,0,-0.00003713465736,100,0,0.0001134587498825,2.30519944096618,0.000205947949986,0.000168813292626,0.985473129859832,7.033484634E-11,0.073,0.00345791011673274,0,,,0.163830032069235,0.143130032069235,,0.239835956261634,0.219135956261634,0.122292475885335,0.081,0.040560439483859,0.737991967273792,3.41132286E-12,0.517929988184309,0,0,0,#REF!,0
d02c37ax16,LTP,Yes,JB023,0.287,3.0825,551,514,y,0.0346303992,0.0969923,0.0278639955137061,0.0271,0.250968611559113,0.261922378525136,0.216193084584462,0.363035931243455,0.153503667012,0.125639671498294,4.94069616741148E-05,0.0001558728942695,0.000158610334378833,,,,,,,,,,,,,,100,0,-4.83274301866667E-05,100,0,4.94069616741148E-05,1.38144454317451,0.0002069377645655,0.000158610334378833,0.80660341181637,2.14931828E-12,0.085,0.0123776027419702,0.312394591466099,,,0.234202099634392,0.211602099634392,,0.238793084584462,0.216193084584462,0.136198233232637,0.091,0.0371487529469948,0.729283830403199,4.996212652E-11,0.598920680945673,0.299615243015583,0.334994591466099,0.312394591466099,#REF!,#REF!
d02c45ax17,LTP,Yes,JB023,0.5424,4.487,1193,1127,y,0.0444523394,0.267883,0.0603391447620497,0.0288,0.286262364796784,0.368945372074314,0.300485870600103,0.404223924029626,0.376949814566,0.31661066980395,0.000126692339292333,0.000175019769479,0.000200157245135333,,,,,,,,,,,,,,1.88790447522641,0,-4.83274301866667E-05,100,0,0.000126577467880833,1.94324402582652,0.000248484675322,0.000200157245135333,1.0300726301542,4.07403235357839E-39,0.108,0.00190421153604599,0.180691647906367,,,0.1845322857532,0.1619322857532,,0.323085870600103,0.300485870600103,0.161507542107182,0.116,0.0415108691431724,0.693154396268602,6.85666236487939E-35,0.508079501678212,0.186534636604878,0.203291647906367,0.180691647906367,#REF!,#REF!
d02c46ax18,LTP,Yes,JB023,0.1304,1.5903,86,64,y,0.0248927809,0.0457455,0.00429626307549886,0.0416,0.148261139305559,0.141446197722016,0.108961554163398,0.160420791709188,0.0258081675014,0.0215119044259011,0.000140106355465333,0.000188433785652,0.000161960075200833,,,,,,,,,,,,,,0.462627373788937,0,-4.83274301866667E-05,100,0,0.000140106355465333,0.462627373788937,0.0002102875053875,0.000161960075200833,0.602316328137742,0.282645201516332,0.031,0.176987833691287,0.149061027403587,,,0.203914545367666,0.181314545367666,,0.131561554163398,0.108961554163398,0.0815854800674767,0.036,0.0434886223631209,0.956994774412063,0.268589714801426,0.642649924595038,0.159671783582838,0.171661027403587,0.149061027403587,#REF!,#REF!
d05c10ax56,LTP,No,JB023,0.2061,2.1435,316,274,n,0,0.0832241,0.0121930212283599,0.0412,0.243035880922888,0.248306806230782,0.209054784014932,0.212406906792614,0.105895043653,0.0937020224246401,0.000192428953436,0.000229563610796,0.000209964209932,,,,,,,,,,,,,,1.8185010613347,0.000247098867292,0.000209964209932,0.870166536360221,0.152486504854371,0.000191454379325,1.84703224754143,0.000247098867292,0.000209964209932,0.870166536360221,0.282204161057902,0.070,0.151555755333522,0,,,0.347257004973677,0.326557004973677,,0.229754784014932,0.209054784014932,0.116426586557995,0.075,0.0476646162417879,0.865014333881259,0.00838177876450784,0.518086170958629,0,0,0,#REF!,0
d05c11ax57,LTP,No,JB023,0.3635,3.703,806,759,y,0,0.0715897,0.0312348189463843,0.0356,0.510849237325526,0.378658646729077,0.258878109158644,0.494163188223327,0.324062342032,0.292827523085616,0.0001600916353425,0.0001972262927025,0.000276702921807,,,,,,,,,,,,,,4.29807747866106,0.0004118686400985,0.0003747339827385,0.633676198092919,5.31483898088534E-59,0.000155189526023,2.78228707091475,0.000313837579167,0.000276702921807,1.06901270704194,2.841611376875E-33,0.162,1.98134445453E-08,0,,,0.293100504252169,0.272400504252169,,0.279578109158644,0.258878109158644,0.179180818574505,0.138,0.0604321611743269,0.588477350731351,2.13772316125687E-58,0.667509145710303,0,0,0,#REF!,0
d05c13ax19,LTP,Yes,JB023,0.2629,2.668,170,126,n,0.0368605852,0.104894,0.00859617208093164,0.0476,0.255546575542305,0.216348206197306,0.182113580109744,0.251860211126387,0.077058224138,0.0684620520570684,0.000173540392168333,0.000221867822355,0.000310872707318833,,,,,,,,,,,,,,0.819815788720284,0.0003592001375055,0.000310872707318833,0.401810505886809,2.58909995263526E-05,0.000173540392168333,0.819815788720284,0.0003592001375055,0.000310872707318833,0.401810505886809,5.17819990527052E-05,0.054,0.0246420611989554,0.087719433057773,,,0.269360460525516,0.246760460525516,,0.204713580109744,0.182113580109744,0.085993636468954,0.041,0.0617434313870916,0.771282161799942,9.11163789225991E-05,0.490547930267417,0.0351735134964696,0.110319433057773,0.087719433057773,#REF!,#REF!
d05c15ax59,LTP,Yes,JB023,0.3394,3.5453,658,601,y,0.0458919369,0.1713852,0.0330776922550708,0.0321,0.21187805676986,0.347877844838226,0.271855647376398,0.245781090672846,0.217913701824,0.184836009568929,0.000126715046560833,0.0001750424767475,0.000206072484401833,,,,,,,,,,,,,,2.13362579099314,0.000263444973549,0.000215117543362333,0.578332326558624,4.68631939004134E-17,0.000124924168870333,1.85977907203483,0.0002543999145885,0.000206072484401833,0.685792378805222,2.258524E-14,0.082,0.180402180139785,0.11115726093576,,,0.233523223204359,0.210923223204359,,0.294455647376398,0.271855647376398,0.127273078752157,0.082,0.0444101580217437,0.722234123963602,2.51233662E-12,0.43263683481757,0.0873854977699536,0.13375726093576,0.11115726093576,#REF!,#REF!
d05c16ax60,LTP,No,JB023,0.3223,2.7873,915,850,n,0,0.217209,0.0355085096823676,0.0295,0.380937140819889,0.290549765293364,0.243459664901984,0.391695548411423,0.222084903377,0.186576393694632,0.000119833877965,0.000156968535325,0.000158866923861,,,,,,,,,,,,,,1.46587339634092,0.0001960172399605,0.0001588825826005,0.900553695129173,4.30246571161596E-15,0.000119833877965,1.46587339634092,0.000196001581221,0.000158866923861,0.903777212337582,9.62264229583073E-15,0.075,1.244929794E-11,0,,,0.369677537514759,0.348977537514759,,0.264159664901984,0.243459664901984,0.137441419586567,0.096,0.0362646624509276,0.813687840382632,2.5261384127E-10,0.525592962463481,0,0,0,#REF!,0
d05c17ax61,LTP,Yes,JB023,0.3428,3.3095,563,511,y,0.0288284067,0.1530304,0.0284754795414613,0.0383,0.205809236778675,0.293417500244362,0.231187456960329,0.296400573345907,0.219944771404,0.191469291862539,0.000178995242972833,0.0002273226731595,0.000243276567066833,,,,,,,,,,,,,,2.04209868943516,0.0003093443885635,0.000261016958376833,0.685054427532903,1.2003566057E-10,0.000177758841204333,1.71841101062639,0.0002916039972535,0.000243276567066833,0.790818173336531,8.337202376219E-08,0.097,0.00212074840596091,0.281589830804073,,,0.193349101213002,0.170749101213002,,0.253787456960329,0.231187456960329,0.161103782180884,0.116,0.0485722369410226,0.788271476488913,1.0979645287834E-07,0.66245630916661,0.244261794953752,0.304189830804073,0.281589830804073,#REF!,#REF!
d05c18ax20,LTP,Yes,JB023,0.4278,3.3178,339,294,y,0.030722376,0.1435907,0.0171447474760068,0.0404,0.18179127609652,0.281174176993549,0.241620934707677,0.24342971174727,0.134991893584,0.117847146107993,0.000167644077243333,0.00021597150743,0.000299738188043333,,,,,,,,,,,,,,3.04986421416102,0.00034806561823,0.000299738188043333,0.70778510047394,2.8764200130178E-07,0.000167644077243333,3.04986421416102,0.00034806561823,0.000299738188043333,0.70778510047394,5.7528400260355E-07,0.077,0.175942674230449,0.235947739120992,,,0.208043235917756,0.185443235917756,,0.264220934707677,0.241620934707677,0.118607041322185,0.073,0.0518178349398512,0.780041088390118,6.28634405122753E-06,0.470450227371603,0.214893786384472,0.258547739120992,0.235947739120992,#REF!,#REF!
d05c20ax62,LTP,Yes,JB023,0.2931,3.0245,631,580,n,0.0294099189,0.116437,0.0319069221866141,0.0289,0.402137356406862,0.324143369352904,0.261014042462573,0.372582459185462,0.18043555175,0.148528629563386,0.000116927650338333,0.000165255080525,0.000155282875470333,,,,,,,,,,,,,,1.71307227684775,0.00020344100669,0.000155113576503333,0.676480310102622,1.0097610632358E-07,0.000116927650338333,1.71307227684775,0.000203610305657,0.000155282875470333,0.667571464217996,3.789141934838E-07,0.079,0.0754971579662026,0.147746736852566,,,0.487336120318036,0.464736120318036,,0.283614042462573,0.261014042462573,0.123575776987527,0.078,0.0379213949370745,0.762808849677656,1.6673168498E-10,0.423091141063232,0.0276644805427268,0.170346736852566,0.147746736852566,#REF!,#REF!
d05c21ax63,LTP,Yes,JB023,0.38,3.217,798,742,n,0.0458098017,0.14421,0.040364876869939,0.0288,0.249064214156913,0.275346474752588,0.234397254417655,0.270229000164495,0.238094322942,0.197729446072061,0.000124469160988333,0.000172796591175,0.000187550716402333,,,,,,,,,,,,,,4.55998783696164,0.0002347218812865,0.000186394451099833,0.527554485627919,2.42664165349129E-18,0.000124469160988333,4.55998783696164,0.000235878146589,0.000187550716402333,0.550523096039703,8.27934856149279E-18,0.088,0.00109042898545342,0.253231344850101,,,0.364853752568997,0.342253752568997,,0.256997254417655,0.234397254417655,0.145395920625096,0.100,0.0383574654171747,0.751129873538061,6.47412305086611E-15,0.591102472647051,0.256247374197296,0.275831344850101,0.253231344850101,#REF!,#REF!
d05c22ax64,LTP,Yes,JB023,0.234,2.4578,496,445,n,0.0222052392,0.0920204,0.0250915392130048,0.0346,0.292944480937596,0.315122187406715,0.229517455780092,0.287376691011153,0.160280837238,0.135189298024995,0.000137991002030333,0.000186318432217,0.000188022176143333,,,,,,,,,,,,,,0.905330424629948,0.0002354404439915,0.000187113013804833,0.300346254919415,1.4119297586375E-07,0.000136618163029333,0.947064691400835,0.00023634960633,0.000188022176143333,0.380494293010971,1.1973735971811E-07,0.075,0.473800691065631,0.15706731552003,,,0.41224506852862,0.38964506852862,,0.252117455780092,0.229517455780092,0.120270565671595,0.075,0.0432481463605638,0.800225908193852,0.000150720989184074,0.469367614949646,0.117764222844292,0.17966731552003,0.15706731552003,#REF!,#REF!
d05c23ax43,LTP,No,JB023,0.0356,0.647,37,20,n,0,0.0404472,0.00143720731761647,0.0518,0.089947706261722,0.127095656779575,0.081900104202871,0.108852446307964,0.007844858331,0.00640765101338353,0.000173606989684,0.000210741647044,0,,,,,,,,,,,,,,0,0,-0.00003713465736,100,0,0.000173606989684,100,0,0,0,0,0.011,0.0777849662938712,0,,,0.133683161923232,0.112983161923232,,0.102600104202871,0.081900104202871,0.0647931471102858,0.023,0.054042752079868,0.957617564995737,0.401816286914378,0.644164873506774,0,0,0,#REF!,0
d05c24ax66,LTP,Yes,JB023,0.2188,2.4668,342,298,y,0.0253353398,0.06881683,0.0171962861078715,0.0335,0.402327599523616,0.283887596031355,0.192851535161306,0.471396577402724,0.122244781714,0.105048495606129,0.000125348164507333,0.000173675594694,0.000218697784460333,,,,,,,,,,,,,,1.61175750890308,0.000267036297669,0.000218708867482333,0.627565969583781,1.5951474444E-10,0.000123251831324333,1.53702539037512,0.000267025214647,0.000218697784460333,0.490622603623981,1.6558228393E-10,0.069,0.00415418811498482,0.197948987592566,,,0.391058824563203,0.368458824563203,,0.215451535161306,0.192851535161306,0.104939524332834,0.060,0.0481599236008061,0.696014730845274,3.432113582615E-08,0.519945530804649,0.214833684170906,0.220548987592566,0.197948987592566,#REF!,#REF!
d05c25ax22,LTP,Yes,JB023,0.3594,3.7295,438,402,n,0.0542979576,0.362304,0.0221594421404591,0.0301,0.137840966468877,0.295319252090738,0.230206403938822,0.153463188526353,0.144838914444,0.122679472303541,0.000119311437265333,0.000167638867452,0.000180497105168333,,,,,,,,,,,,,,1.58753287537805,0.000252322508606,0.000203995078419333,0.730622524373583,6.49053702012042E-16,0.000114739050022333,1.4477784235294,0.000228824535355,0.000180497105168333,0.811179897047993,1.1469946011E-09,0.090,0.300752173128462,0.307667939462413,,,0.202088109129898,0.179488109129898,,0.252806403938822,0.230206403938822,0.137677567121944,0.092,0.0421295853066268,0.715320934438762,1.9364605798E-10,0.566530324826,0.317613488750691,0.330267939462413,0.307667939462413,#REF!,#REF!
d08c05ax24,LTP,Yes,JB023,0.299,2.7988,138,104,n,0.0547747202,0.0541111,0.00697990756864419,0.0452,0.195842118518343,0.193100974871651,0.151945225009669,0.196859146850596,0.0618188781344,0.0548389705657558,0.000179403325927333,0.000227730756114,0.000429183823850333,,,,,,,,,,,,,,0.75855622681127,0.000477511254037,0.000429183823850333,0.0608313688969901,1.12266852122477E-06,0.000179403325927333,0.75855622681127,0.000477511254037,0.000429183823850333,0.0608313688969901,2.24533704244954E-06,0.041,0.017961406189214,0.135524773919013,,,0.24869650933322,0.22609650933322,,0.174545225009669,0.151945225009669,0.0968084673027964,0.052,0.0601454619258458,0.75173303304762,0.000423454669053146,0.618045375440705,0.145528436757564,0.158124773919013,0.135524773919013,#REF!,#REF!
d08c09ax25,LTP,Yes,JB023,0.5783,5.0898,679,625,n,0.0552348159,0.389096,0.0343427724857533,0.0347,0.318042319740217,0.286000743333436,0.242338354241388,0.335995830367044,0.243380185598,0.209037413112247,0.000173017282273333,0.00022134471246,0.000238476593836333,,,,,,,,,,,,,,2.72438879134006,0.0002878883647345,0.000239560934547833,0.60942818487876,5.06146533E-12,0.000173017282273333,2.72438879134006,0.000286804024023,0.000238476593836333,0.61245002196928,1.630860546E-11,0.091,0.00208690278184374,0.332065080660224,,,0.320217636961149,0.297617636961149,,0.264938354241388,0.242338354241388,0.147753108192914,0.103,0.0455383051711391,0.760931757623206,1.29371964E-12,0.575801100765511,0.296706041696279,0.354665080660224,0.332065080660224,#REF!,#REF!
d08c12ax68,LTP,Yes,JB023,0.193,2.5073,98,76,y,0.03668736385,0.06127785,0.00581532119025896,0.0333,0.211182885233015,0.142784369651876,0.109679163721751,0.222075712058529,0.0303864506568,0.024571129466541,0.000102209269091333,0.000150536699278,0.000186493111831333,,,,,,,,,,,,,,0.43338334305161,0.000234820542018,0.000186493111831333,-0.0886626701246694,0.000315123833565919,0.000102209269091333,0.43338334305161,0.000234820542018,0.000186493111831333,-0.0886626701246694,0.000630247667131838,0.042,0.156767280544581,0.156108494874388,,,0.267729367596507,0.245129367596507,,0.132279163721751,0.109679163721751,0.0793977950518396,0.034,0.0453361449268607,0.733445982869737,0.042138643362472,0.688522632139413,0.136394652731772,0.178708494874388,0.156108494874388,#REF!,#REF!
d08c13ax69,LTP,No,JB023,0.0981,1.6205,146,113,n,0,0.0618956,0.00566994856712685,0.0387,0.123750214724823,0.195060637430251,0.140427363917228,0.107409746957704,0.037730376778,0.0320604282108732,0.0001234966548305,0.0001606313121905,0.000179575412555,,,,,,,,,,,,,,0.772726613416249,0.0002327228895985,0.0001955882322385,0.306360655047018,0.00221886198737091,0.0001234966548305,0.772726613416249,0.000216710069915,0.000179575412555,0.339081082711386,0.00742484766043303,0.043,0.38943655517303,0,,,0.167687504761059,0.146987504761059,,0.161127363917228,0.140427363917228,0.0786102379919056,0.037,0.0438631402017741,0.881935882802179,0.0719152737791724,0.549107962680752,0,0,0,#REF!,0
d08c14ax70,LTP,Yes,JB023,0.1788,2.1678,232,196,n,0.033592999,0.0632864,0.0117324043196621,0.0313,0.208093035393523,0.183953179771257,0.148872916713388,0.222053853980093,0.0633116920134,0.0515792876937379,0.000112987853887833,0.0001613152840745,0.000127222510085333,,,,,,,,,,,,,,1.52709482261138,0.000178229676005,0.000129902245818333,0.924602828518803,0.00327061559101188,0.000111797330559333,1.45561550626799,0.000175549940272,0.000127222510085333,0.963776716967459,0.0041473200134908,0.050,0.159988045825158,0.112255482595735,,,0.224707155354823,0.202107155354823,,0.171472916713388,0.148872916713388,0.0928713521400238,0.048,0.0385838474422197,0.810265068119004,0.000472006901170792,0.581686982518914,0.096944382858703,0.134855482595735,0.112255482595735,#REF!,#REF!
d08c15ax71,LTP,No,JB023,0.189,1.872,425,378,y,0,0.0539543,0.0161448578386875,0.0369,0.204930009451381,0.239135900189307,0.196688037827343,0.2357356142724,0.13377999017,0.117635132331313,0.000140140958058,0.000177275615418,0.000216292363387,,,,,,,,,,,,,,2.0240170576516,0.000253427020747,0.000216292363387,0.708014412482076,9.88062987584E-09,0.0001391838535585,1.97270150798161,0.000253427020747,0.000216292363387,0.655501139805933,8.82743019757E-09,0.077,0.00740498547970852,0,,,0.296107928985672,0.275407928985672,,0.217388037827343,0.196688037827343,0.127672667512858,0.086,0.0463742420112239,0.79536128602942,5.05921866297841E-06,0.618259741290246,0,0,0,#REF!,0
d08c16ax72,LTP,No,JB023,0.1195,1.5888,269,226,n,0,0.0418576,0.0102457538919909,0.0320,0.192154912102271,0.202551842878886,0.154640401669541,0.183113870950112,0.0679278087812,0.0576820548892091,0.000113085767012,0.000150220424372,0.00016921721992,,,,,,,,,,,,,,2.12650081780622,0.00020635187728,0.00016921721992,0.517284555112445,1.94128071540927E-06,0.000112431700561,0.865016572421376,0.00020635187728,0.00016921721992,0.485091933143786,5.20091658952984E-06,0.051,0.329308893573569,0,,,0.233499216541526,0.212799216541526,,0.175340401669541,0.154640401669541,0.0903171838674059,0.049,0.0408800544141058,0.782885519025931,0.000600195154830108,0.543364730086607,0,0,0,#REF!,0
d08c17ax73,LTP,Yes,JB023,0.7123,5.6905,2043,1976,y,0.0471834987,0.4343055,0.102919429192422,0.0235,0.26309505790839,0.406803415198074,0.331096812475264,0.23553631144062,0.557015203368,0.454095774175578,0.000102224052936833,0.0001505514831235,0.000162879525317333,,,,,,,,,,,,,,6.02753819709851,0.000229957856596,0.000181630426409333,0.756034266780685,7.4871054684872E-92,0.000101135618192333,7.13046797658967,0.000211206955504,0.000162879525317333,0.780024650270058,1.7529830217919E-70,0.131,0.21546577619025,0.339884114215563,,,0.377699593884014,0.355099593884014,,0.353696812475264,0.331096812475264,0.180969783534129,0.136,0.0379352412658087,0.618981774237086,1.87236363807161E-104,0.490067834117375,0.296854322855529,0.362484114215563,0.339884114215563,#REF!,#REF!
d08c18ax74,LTP,No,JB023,0.1464,2.258,200,167,n,0,0.041678,0.007490465422987,0.0381,0.232190944084884,0.254779884565588,0.15589324633318,0.22283035033316,0.0559673326488,0.048476867225813,0.0001313415667815,0.0001684762241415,0.000199612053417,,,,,,,,,,,,,,0.987432734335698,0.0002261697760815,0.0001890351187215,0.53973440918747,0.0115514075271925,0.0001310033450335,0.951430378210571,0.000236746710777,0.000199612053417,0.565313536566653,0.00497439127924801,0.052,0.365282469266678,0,,,0.22652135076399,0.20582135076399,,0.17659324633318,0.15589324633318,0.0881520358202117,0.047,0.0458386624222413,0.830237538487132,0.0516380194505818,0.514695112340971,0,0,0,#REF!,0
d08c22ax75,LTP,No,JB023,0.1839,2.017,479,428,y,0,0.1408628,0.0185955259554189,0.0282,0.31338,0.235088609303149,0.18401056359312,0.384219151025893,0.112569611231,0.0939740852755811,0.0000930363948275,0.0001301710521875,0.0001493857640225,,,,,,,,,,,,,,3.37931916917275,0.000189963060516,0.000152828403156,0.869022703966876,1.5710943647E-10,0.000093660369629,3.24763332310135,0.0001865204213825,0.0001493857640225,0.658896697284709,8.9945895E-13,0.063,0.00691597191594514,0,,,0,0,,0.20471056359312,0,0.111228861765799,0.070,0.0370368293534406,0.762700739676552,9.1526799489577E-07,0.5672254268001,0,0,0,#REF!,0
d08c23ax76,LTP,No,JB023,0.1703,2.1875,351,306,y,0,0.1161296,0.0136284825119313,0.0328,0.146966087258952,0.280990962934268,0.213434989069725,0.160781153573841,0.095729646064,0.0821011635520687,0.000124128729021,0.000161263386381,0.000177499991145,,,,,,,,,,,,,,0.929413082435514,0.000214041509236,0.000176906851876,0.607059438706823,6.93786477787348E-06,0.000124128729021,0.929413082435514,0.000214634648505,0.000177499991145,0.596507276999438,7.25859553843015E-06,0.054,0.368323850425374,0,,,0.161801724225185,0.141101724225185,,0.234134989069725,0.213434989069725,0.0930585148801117,0.052,0.0413268351725058,0.793513853949741,1.96463104075386E-05,0.452662038092852,0,0,0,#REF!,0
d08c24ax77,LTP,Yes,JB023,0.4541,3.929,511,461,y,0.0741632283,0.1353683,0.025799241036994,0.0416,0.293198830372795,0.409800281859043,0.313938076269597,0.446475881221334,0.302532473802,0.276733232765006,0.000146657671231333,0.000194985101418,0.000349808947506333,,,,,,,,,,,,,,3.32215943492579,0.000407911433414,0.000359584003227333,1.09566420832142,5.88344869369758E-22,0.000142271843030333,3.83779561721671,0.000398136377693,0.000349808947506333,3.51365391502538,4.78532253998432E-22,0.129,0.0146368951825012,0.108090925888377,,,0.231896362295077,0.209296362295077,,0.336538076269597,0.313938076269597,0.159018424109565,0.114,0.0708795256666057,0.586614220534259,1.09533955359926E-24,0.488692774373801,0.107209706210399,0.130690925888377,0.108090925888377,#REF!,#REF!
d08c25ax40,LTP,Yes,JB023,0.2435,2.7025,363,324,n,0.0425981469,0.0591971,0.0183594843068678,0.0317,0.27595253716357,0.2855838860134,0.191360562162472,0.284556762077188,0.15850956782,0.140150083513132,0.000111376919627333,0.000159704349814,0.000228111432722833,,,,,,,,,,,,,,2.48239245011878,0.000298662661255,0.000250335231068333,0.938543028235303,4.369951080859E-20,0.000111376919627333,2.48239245011878,0.0002764388629095,0.000228111432722833,0.775969166930388,1.87491814241859E-18,0.081,0.231913460633092,0.144017104403659,,,0.4909056083566,0.4683056083566,,0.213960562162472,0.191360562162472,0.134083408593472,0.089,0.0539582993436398,0.587655553130038,6.3004393E-12,0.654237410997909,0.134117874565447,0.166617104403659,0.144017104403659,#REF!,#REF!
d08c27ax26,LTP,Yes,JB023,0.1653,1.9843,158,130,n,0.0244572125,0.0757823,0.00814204349253397,0.0402,0.18341485354485,0.204618700742041,0.161769963010237,0.17753178546605,0.0589378784016,0.050795834909066,0.000152482272973333,0.00020080970316,0.000294578783303833,,,,,,,,,,,,,,0.68807205844501,0.0003429062134905,0.000294578783303833,-0.145405990929533,0.000688738116489307,0.000152482272973333,0.68807205844501,0.0003429062134905,0.000294578783303833,-0.145405990929533,0.00137747623297861,0.061,0.225243826379507,0.093396922428004,,,0.254086790037572,0.231486790037572,,0.184369963010237,0.161769963010237,0.0955439291876353,0.050,0.0512176593984278,0.784598178839669,0.0097619020587013,0.56708272452384,0.090487019490232,0.115996922428004,0.093396922428004,#REF!,#REF!
d08c28ax27,LTP,Yes,JB023,0.2074,2.3565,218,189,n,0.028154,0.121782,0.0110239638804415,0.0305,0.148654849352025,0.201694925550226,0.143201890223211,0.179617617039866,0.0545120143706,0.0434880504901585,0.000103454714378333,0.000151782144565,0.000147654898836333,,,,,,,,,,,,,,1.23439342906934,0.000195982329023,0.000147654898836333,0.143951429815294,0.000992058529208174,0.000103454714378333,1.23439342906934,0.000195982329023,0.000147654898836333,0.143951429815294,0.00198411705841635,0.045,0.215068623336082,0,,,0.242370486768364,0.219770486768364,,0.165801890223211,0.143201890223211,0.0938402144721409,0.049,0.0373041311330687,0.817384672583709,0.00458863683808977,0.552614234128447,0,0,0,#REF!,0
d08c31ax29,LTP,Yes,JB023,0.3829,3.572,447,417,y,0.0494734076,0.130899,0.02260024549657,0.0393,0.290894537823167,0.30993880252009,0.223531189564989,0.302254893826189,0.270192425332,0.24759217983543,0.000184225887920333,0.000232553318107,0.000383849579024833,,,,,,,,,,,,,,2.74197164173859,0.000482673473815,0.000434346043628333,0.463144531381439,3.21356937909622E-31,0.000182863444745333,1.66223421990909,0.0004321770092115,0.000383849579024833,0.72840817631576,3.00919147556634E-25,0.135,0.0181418122601727,0.154691792445557,,,0.315123887333324,0.292523887333324,,0.246131189564989,0.223531189564989,0.171478233934452,0.126,0.0687503935823544,0.571526606701765,6.47641504973022E-29,0.701900843561862,0.117018397860716,0.177291792445557,0.154691792445557,#REF!,#REF!
d10c04ax30,LTP,Yes,JB023,0.2352,2.2303,245,214,n,0.0358038135,0.0479166,0.0123947488124137,0.0356,0.214891507638147,0.233827874480845,0.169485166424196,0.225675318077423,0.092147644986,0.0797528961735863,0.000162615899240833,0.0002109433294275,0.000255868194492333,,,,,,,,,,,,,,0.293098850413443,0.000304195624679,0.000255868194492333,0.393156979943809,1.2748081829515E-07,0.000162615899240833,0.293098850413443,0.000304195624679,0.000255868194492333,0.393156979943809,2.5496163659029E-07,0.062,0.175068239021099,0.122160233824313,,,0.25698799731893,0.23438799731893,,0.192085166424196,0.169485166424196,0.0984850386311205,0.053,0.0531617802817163,0.669040915100182,4.38253299172E-09,0.541192219446267,0.148284176902181,0.144760233824313,0.122160233824313,#REF!,#REF!
d10c08Bax31,LTP,Yes,JB023,0.1374,1.6668,120,88,n,0.0214472432,0.0416425,0.00606916070768027,0.0498,0.060209162330666,0.219965989711695,0.162988046163537,0.161451386174103,0.0438225700944,0.0377534093867197,0.000164161383925333,0.000212488814112,0.000255793774969333,,,,,,,,,,,,,,2.35505251445836,0.000304121205156,0.000255793774969333,-0.335228684698998,0.0766422360184007,0.000164161383925333,2.35505251445836,0.000304121205156,0.000255793774969333,-0.335228684698998,0.153284472036801,0.046,0.482889363345116,0.086019569675271,,,0.0526324992434649,0.0300324992434649,,0.185588046163537,0.162988046163537,0.083923865991461,0.039,0.0562357996145005,0.885848304402124,0.0715461662408249,0.456999516411963,0.0671347408863057,0.108619569675271,0.086019569675271,#REF!,#REF!
d10c13ax80,LTP,No,JB023,0.1266,1.4375,157,126,n,0,0.0569936,0.00597419147501985,0.0455,0.189451510758922,0.225749897259607,0.184758125920216,0.184815942665035,0.0684455437567,0.0624713522816801,0.0002061096173375,0.0002432442746975,0.000303603224343,,,,,,,,,,,,,,0.969943107699817,0.000340737881703,0.000303603224343,0.325148309517633,0.00203067629827566,0.0002061096173375,0.969943107699817,0.000340737881703,0.000303603224343,0.325148309517633,0.00406135259655133,0.064,0.297535463307852,0,,,0.238280231579412,0.217580231579412,,0.205458125920216,0.184758125920216,0.101530326631492,0.060,0.059455452846106,0.765328784132726,5.81319834588822E-05,0.528646785471893,0,0,0,#REF!,0
d10c14ax60,LTP,Yes,JB023,0.276,2.956,321,282,n,0.030987097,0.0926082,0.0161366394329058,0.0385,0.50343656355162,0.305160737219027,0.19712655802743,0.461682921660388,0.15759042511,0.141453785677094,0.000153475180577833,0.0002018026107645,0.000307853615609333,,,,,,,,,,,,,,1.12478572659005,0.000368283075605,0.000319955645418333,0.770401637288994,4.42521859222772E-19,0.000151162940511333,1.1364843030987,0.000356181045796,0.000307853615609333,0.787015561450756,3.39615083221455E-16,0.101,0.458121434646822,0.194679047329627,,,0.693893230358061,0.671293230358061,,0.21972655802743,0.19712655802743,0.147901665732351,0.103,0.0608134834400296,0.632821904902466,1.914896727E-11,0.708199531321337,0.257614759487447,0.217279047329627,0.194679047329627,#REF!,#REF!
d10c15Aax20,LTP,Yes,JB023,0.4775,3.4678,133,97,n,0.0945427045,0.111061,0.00672726243916056,0.0616,0.0557777035333545,0.267380988101953,0.2161135263841,0.114254334320419,0.073687816316,0.0669605538768394,0.000236335349467333,0.000284662779654,0.000292777719094333,,,,,,,,,,,,,,-0.0278003468656063,0.000341105149281,0.000292777719094333,-0.447182043400716,0.429841897599333,0.000236335349467333,-0.0278003468656063,0.000341105149281,0.000292777719094333,-0.447182043400716,0.863936063936064,0.051,0.0325990173856985,0.0773335385672359,,,0.0559140450664747,0.0333140450664747,,0.2387135263841,0.2161135263841,0.08052680298661,0.035,0.0730819077425552,0.842539037171711,0.000858210375608478,0.417843066172088,0.05008253286113,0.0999335385672359,0.0773335385672359,#REF!,#REF!
d10c16ax83,LTP,No,JB023,0.1944,2.3193,257,213,n,0,0.0515201,0.00996785939353708,0.0448,0.329374263945325,0.245820185389447,0.179677303910324,0.301512587379584,0.094829221091,0.0848613616974629,0.000174623123829,0.000211757781189,0.000226218286414,,,,,,,,,,,,,,1.58680161413825,0.000266620942224,0.000229486284864,0.760419343050256,5.8618541483343E-05,0.000174381639549,1.61468045119919,0.000263352943774,0.000226218286414,0.874160907343751,0.000240792533515093,0.058,0.00449637761937606,0,,,0.282777449466036,0.262077449466036,,0.200377303910324,0.179677303910324,0.109141965453619,0.068,0.0556810954925997,0.805108038935594,0.000148136392531704,0.554405634716075,0,0,0,#REF!,0
d10c20ax86,LTP,Yes,JB023,0.2087,2.0488,188,146,n,0.0517372601,0.0451623,0.00950513668416139,0.0438,0.221694866686069,0.238361042742912,0.172778757369738,0.262020383710422,0.091946069438,0.0824409327538386,0.000133371868643333,0.00018169929883,0.000283909489951333,,,,,,,,,,,,,,-0.0227892302618155,0.000347135283208,0.000298807853021333,0.41751965679026,3.7418163880548E-07,0.000133371868643333,-0.0227892302618155,0.000332236920138,0.000283909489951333,0.619533632727077,7.4836327761096E-07,0.053,0.0947647865339273,0.078804862116044,,,0.289459029497504,0.266859029497504,,0.195378757369738,0.172778757369738,0.09118929222992,0.046,0.0644275652981194,0.680341655205354,1.11601164669984E-06,0.501120921907549,0.0503369569250838,0.101404862116044,0.078804862116044,#REF!,#REF!
d10c21ax87,LTP,No,JB023,0.3178,3.1785,546,492,y,0,0.309987,0.021181312041312,0.0361,0.184907551384557,0.286854520141573,0.225648865780656,0.24310925014234,0.182701906126,0.161520594084688,0.000167950066695,0.000205084724055,0.0002357373317345,,,,,,,,,,,,,,1.49204056348671,0.000273280384492,0.000236145727132,100,1.62085659513594E-17,0.000166672316246,1.48414516895024,0.0002728719890945,0.0002357373317345,0.834554285492909,7.22149341272051E-18,0.079,0.000186101052045568,0,,,0.207336157692576,0.186636157692576,,0.246348865780656,0.225648865780656,0.135897202923686,0.094,0.047426555851561,0.761228271655287,1.6949291E-13,0.556564848315189,0,0,0,#REF!,0
d10c23ax88,LTP,No,JB023,0.0914,1.3363,172,141,n,0,0.0198233,0.00667571807426628,0.0410,0.21654721124488,0.216811193805098,0.162863193060421,0.182329964402487,0.0548179518332,0.0481422337589337,0.000139249268595,0.000176383925955,0.000222065988212,,,,,,,,,,,,,,1.29446048716708,0.000259200645572,0.000222065988212,0.358440227647135,0.000200950619746836,0.000138868074999,0.839207251051059,0.000259200645572,0.000222065988212,0.346835391632069,0.000195123871243399,0.049,0.268367304370428,0,,,0.262024711997794,0.241324711997794,,0.183563193060421,0.162863193060421,0.0842593056346078,0.043,0.0500820849303159,0.817711075246525,0.00104264603605163,0.495350671331863,0,0,0,#REF!,0
d10c27ax89,LTP,No,JB023,0.0843,1.4135,128,93,n,0,0.0245764,0.00485220878757332,0.0427,0.049507707199751,0.212081056389159,0.152179033971179,0.162376452188525,0.0353668518905,0.0305146431029267,0.0001430868919825,0.0001802215493425,0.000182864638269,,,,,,,,,,,,,,0.797096148725858,0.000219999295629,0.000182864638269,100,0.0771078287424839,0.0001430868919825,0.797096148725858,0.000219999295629,0.000182864638269,0.154581678435824,0.154215657484968,0.033,0.214786310796348,0,,,0.229987897096785,0.209287897096785,,0.172879033971179,0.152179033971179,0.076335072907502,0.035,0.0453418731750045,0.941623237047252,0.20239194142993,0.51352778898601,0,0,0,#REF!,0
d10c32ax33,LTP,Yes,JB023,0.417,3.7985,867,821,n,0.0446140952,0.291146,0.043849236823867,0.0321,0.293992252147366,0.313578945463895,0.263731702135105,0.329582651007274,0.29430965434,0.250460417516133,0.000152350000433833,0.0002006774306205,0.000226985621203333,,,,,,,,,,,,,,2.36811426257903,0.00028299542439,0.000234667994203333,0.873951978838276,1.05306322101332E-26,0.000151432565701833,2.01228553575516,0.00027531305139,0.000226985621203333,0.863573635778299,1.30683747555594E-24,0.110,4.06021524701016E-05,0.23649465387676,,,0.313951425239532,0.291351425239532,,0.286331702135105,0.263731702135105,0.167439479858863,0.122,0.0434409788215505,0.738751929110677,1.38423305051311E-24,0.598868273780127,0.259745951525846,0.25909465387676,0.23649465387676,#REF!,#REF!
d10c36ax34,LTP,Yes,JB023,0.6587,4.9775,1152,1107,y,0.0586386211,0.71249,0.0582681507014921,0.0293,0.180469637114153,0.346106082816808,0.286769302997318,0.233896848694243,0.453056531802,0.394788381100508,8.49959242196705E-05,0.000182109402884,0.000243048448195833,,,,,,,,,,,,,,100,0.0002939684281265,0.000245640997939833,0.726577543319219,1.59225878817607E-69,8.49959242196705E-05,2.99844482529123,0.0002913758783825,0.000243048448195833,0.763001346310609,1.71355627199058E-65,0.154,8.844110605E-11,0.258741800203206,,,0.208405321773285,0.185805321773285,,0.309369302997318,0.286769302997318,0.22882736372629,0.184,0.0470936158057788,0.621829122103992,2.31936978749711E-61,0.748515218334449,0.358347466478245,0.281341800203206,0.258741800203206,#REF!,#REF!
d01c03ax01,Control,Yes,JB024,0.331275,3.11,888,837,n,0.051684741,0.105999,0.028896066193819,0.0252,0.30396667024808,0.305485874576348,0.238811803859111,0.322241037115988,0.192000025885,0.163103959691181,0.000083689353567,0.000114732963567,0.000124950787107,,,,,,,,,,,,,,2.60338275512132,0.0001683473242235,0.0001373037142235,1.17309957006725,6.2294435461356E-26,0.0000831043827355,2.64857387497558,0.000155994397107,0.000124950787107,1.39219879778638,1.22907102902164E-18,0.100,0.00740055533730893,0.000209714622972,,,0.367971897938202,0.348471897938202,,0.258311803859111,0.238811803859111,0.130985730538136,0.092,0.0368635751223639,0.683400961377899,4.51420322848991E-31,0.481777323393481,0.12957557450937,0.157610372382955,0.138110372382955,#REF!,0.173622600455
d01c07ax02,Control,Yes,JB024,0.212275,1.9885,393,344,n,0.0627924819,0.073173,0.0127883685886584,0.0279,0.261312038836619,0.203694244042415,0.15758606251164,0.279564989397741,0.08516021931,0.0723718507213416,0.000079557276015,0.000110600886015,0.000125059208654,,,,,,,,,,,,,,2.67679303569355,0.000156102818654,0.000125059208654,0.837340957679012,6.5014547098E-10,0.000079557276015,2.67679303569355,0.000156102818654,0.000125059208654,0.837340957679012,1.30029094196E-09,0.053,0.0296625246928363,0.000175141000539,,,0.302483740626042,0.283683740626042,,0.17638606251164,0.15758606251164,0.100632853950941,0.062,0.0364730346603245,0.764336974924369,3.77793912717198E-06,0.578750285801243,0.159907531973356,0.135255016772172,0.116455016772172,#REF!,0.070825051435
d01c14ax31,Control,No,JB024,0.25965,2.34225,675,623,n,0,0.135565,0.0197063468881932,0.0265,0.275497583771413,0.228325266214069,0.198963664002478,0.294458065171344,0.13563400088,0.115927653991807,9.05268799706667E-05,0.000118345906744,0.000138737572482167,,,,,,,,,,,,,,2.12560627508243,0.0001665565992555,0.000138737572482167,0.689794248133821,4.1458554222651E-16,9.02395774276667E-05,2.13617316898845,0.0001665565992555,0.000138737572482167,0.688779876704673,1.77641956634476E-16,0.074,0.000365098770739208,0.000185531697980167,,,0.306431981324543,0.287631981324543,,0.217763664002478,0.198963664002478,0.123646333773361,0.086,0.0359504946980981,0.737662536236267,3.92266993133912E-19,0.56334387037848,0,0,0,#REF!,0.124657784432
d01c16ax32,Control,No,JB024,0.0822875,1.1235,223,180,n,0,0.061434,0.00651141934528283,0.0268,0.182370932773998,0.152642126588886,0.120329787071569,0.180564116986398,0.0329816583184,0.0264702389731172,7.15769441215167E-05,9.939597089485E-05,0.000101426962067667,,,,,,,,,,,,,,1.29260012121363,0.000129245988841,0.000101426962067667,0.72347675547128,1.23075168090256E-05,7.15769441215167E-05,1.29260012121363,0.000129245988841,0.000101426962067667,0.72347675547128,2.46150336180513E-05,0.030,0.117292151016464,0.000208215844840667,,,0.246264423756006,0.226764423756006,,0.139829787071569,0.120329787071569,0.0728066058995858,0.035,0.031677503813266,0.844889609712928,0.000464051992672327,0.545920510879325,0,0,0,#REF!,0.0279445797576
d01c17ax33,Control,Yes,JB024,0.196875,2.08175,286,249,y,0.0431598537,0.0532112,0.0093059636108115,0.0368,0.191404945814811,0.202460786038572,0.169914461885369,0.235682843253072,0.077111010409,0.0678050467981885,0.00013851704649,0.00016956065649,0.000174547874728,,,,,,,,,,,,,,0.777818886490424,0.000205591484728,0.000174547874728,0.65935489463292,2.82036904952616E-05,0.00013851704649,0.777818886490424,0.000205591484728,0.000174547874728,0.65935489463292,5.64073809905232E-05,0.068,0.0982366619995452,0.0002326386897225,,,0.245349348410047,0.226549348410047,,0.188714461885369,0.169914461885369,0.114500641960517,0.076,0.0455284085749098,0.807964375314245,0.000291384820226141,0.640034748586949,0.169552781486157,0.132022679806332,0.113222679806332,#REF!,0.0714224542565
d01c18ax34,Control,No,JB024,0.13785,1.602,514,446,n,0,0.070021,0.0150051084092905,0.0236,0.215771223916026,0.206562915824399,0.169075385432917,0.230525452623263,0.0724965087592,0.0574914003499095,7.05006903323667E-05,0.0000983197171057,8.44162787831667E-05,,,,,,,,,,,,,,0.934734837447457,0.0001123036688585,8.44846420851667E-05,0.963232369480463,0.000958712793162916,7.05006903323667E-05,0.934734837447457,0.0001122353055565,8.44162787831667E-05,0.976035015894246,0.00224119975193495,0.039,0.000370319040375215,0.000205532700653667,,,0.254382333924158,0.235582333924158,,0.187875385432917,0.169075385432917,0.082916662540072,0.045,0.0283151182569244,0.832287948620766,6.82527391932571E-05,0.455586119326667,0,0,0,#REF!,0.0534662161616
d01c19ax35,Control,No,JB024,0.201075,2.69875,419,369,y,0,0.0857804,0.0122322987982961,0.0243,0.338749284020954,0.251361168722052,0.189996001929707,0.334551934145566,0.0821296218168,0.0698973230185039,6.36818649385667E-05,0.0000915008917119,0.000143196680938667,,,,,,,,,,,,,,3.1298573132922,0.000179059567682,0.000151240540908667,0.612532487103697,3.651464E-14,6.07289790362667E-05,3.19432361314124,0.000171015707712,0.000143196680938667,0.688352933885594,4.489504E-14,0.057,0.380472090421449,0.000163140029706667,,,0.334949406369907,0.316149406369907,,0.208796001929707,0.189996001929707,0.0934152362364946,0.056,0.038422001736569,0.631691833955868,2.4633369E-13,0.452007574901941,0,0,0,#REF!,0.0756506451388
d01c20ax36,Control,No,JB024,0.140225,1.62575,699,640,n,0,0.104779,0.0203204875686462,0.0189,0.255962302807117,0.230850112710012,0.180225066911961,0.251644335770659,0.0879938714824,0.0676733839137538,5.54667573237667E-05,0.0000832857840971,7.37033701036667E-05,,,,,,,,,,,,,,0.756069611623223,0.000101522396877,7.37033701036667E-05,0.894537818653895,5.371603E-14,5.54667573237667E-05,0.756069611623223,0.000101522396877,7.37033701036667E-05,0.894537818653895,1.0743206E-13,0.051,1.07138875689603E-05,0.000175166767770667,,,0.287992963311423,0.269192963311423,,0.199025066911961,0.180225066911961,0.0972216956265652,0.060,0.0258741525301352,0.728554731779785,5.634439E-14,0.489245545804555,0,0,0,#REF!,0.0745187413996
d01c21ax37,Control,No,JB024,0.14815,1.738,302,263,n,0,0.041843,0.00884369849113667,0.0268,0.304891016250794,0.191720166848748,0.149631725294713,0.300372875036402,0.07210478734,0.0632610888488633,6.93500744416667E-05,0.000097169101215,0.000166677300270167,,,,,,,,,,,,,,4.36105291271801,0.000187753023579,0.000159933996805667,0.66661651797494,3.284396E-14,6.93500744416667E-05,4.36105291271801,0.0001944963270435,0.000166677300270167,0.641130779140033,2.520113E-14,0.066,0.284426091633585,0.000117959507696667,,,0.325502353887035,0.306002353887035,,0.169131725294713,0.149631725294713,0.104689396924482,0.067,0.0417360861541479,0.642563786757717,1.12422826326E-09,0.651976698426037,0,0,0,#REF!,0.0592415358712
d01c22ax03,Control,Yes,JB024,0.149575,1.7695,229,193,n,0.0204118509,0.045726,0.00744971529323985,0.0293,0.269709013880361,0.184539208968702,0.129367981644503,0.280028910237425,0.0501575556405,0.0427078403472602,0.00005834778766,0.00008939139766,0.0001262695093,,,,,,,,,,,,,,1.75898993491002,0.0001568605912375,0.0001258169812375,0.628004466846119,3.12933651E-12,0.00005834778766,1.75898993491002,0.0001573131193,0.0001262695093,0.605502670909616,7.65356996E-12,0.057,0.131464381697546,0.000114258387243,,,0.256681609643378,0.237881609643378,,0.148167981644503,0.129367981644503,0.098022274320227,0.059,0.0386688820606658,0.757996492119972,4.38586602104849E-06,0.732336792566652,0.109820177280917,0.139366297366415,0.120566297366415,#REF!,0.04345589032
d01c24ax39,Control,No,JB024,0.40715,3.267,1798,1723,n,0,0.221778,0.0524971868153753,0.0241,0.300481308848866,0.307954377596673,0.27137349116176,0.327525218170012,0.29443267738,0.241935490564625,8.49166022876667E-05,0.000112735629061,0.000102713049554667,,,,,,,,,,,,,,2.0292196112437,0.000130184926993,0.000102365900219667,1.01849504073587,2.49297146352658E-15,8.48446164116667E-05,1.99264297956503,0.000130532076328,0.000102713049554667,1.01331309967951,2.01608800465684E-15,0.098,4.4396833439357E-07,0.000200879453617667,,,0.317418434087377,0.297918434087377,,0.29087349116176,0.27137349116176,0.149695161367441,0.112,0.0300431301644844,0.801445348286934,1.16475621336491E-29,0.516385754982909,0,0,0,#REF!,0.257755639244
d01c25ax40,Control,Yes,JB024,0.509525,4.135,1677,1623,n,0.0384462625,0.455443,0.0545595663614712,0.0224,0.286228637071056,0.311019127780078,0.255122446418831,0.294254833147066,0.371742787495,0.317183221133529,0.000075373542586,0.000106417152586,0.0001397535732075,,,,,,,,,,,,,,5.59652056234983,0.000189284868278,0.000158241258278,0.966484069458103,9.04521038389403E-134,0.000074810460509,5.89513639033143,0.0001707971832075,0.0001397535732075,0.842090035727447,4.60190697260301E-98,0.132,0.0566168451229315,0.000164342183121,,,0.426345764510281,0.407545764510281,,0.273922446418831,0.255122446418831,0.175652644099388,0.137,0.0379350527827516,0.589508081385127,5.34764323469205E-119,0.636445334541839,0.239133265796098,0.312471877309471,0.293671877309471,#REF!,0.3445034871
d01c26ax41,Control,No,JB024,0.209875,2.2225,656,595,n,0,0.148835,0.0191543555099499,0.0257,0.246022713694261,0.233558427422953,0.198603326247974,0.224705068004006,0.111537245884,0.0923828903740501,8.15717634751667E-05,0.0001093907902485,0.000100106121541667,,,,,,,,,,,,,,1.98967759642624,0.000127446280767,9.96272539936667E-05,0.729494237153064,8.68280254265811E-06,8.15717634751667E-05,1.98967759642624,0.000127925148315,0.000100106121541667,0.733086410181153,1.77686979982968E-05,0.060,0.000543992592988959,0.000198692756775667,,,0.310955589272249,0.292155589272249,,0.217403326247974,0.198603326247974,0.107489756375514,0.070,0.0319269194131584,0.803455693738141,1.9594848211585E-07,0.512200294117438,0,0,0,#REF!,0.095774942948
d01c27ax42,Control,No,JB024,0.1393,1.63,264,225,n,0,0.047335,0.00770853391524387,0.0335,0.320306160385124,0.212127022031296,0.153055039033197,0.296382793031343,0.0646170358136,0.0569085018983561,9.00750011416667E-05,0.000117894027915,0.000178099041686667,,,,,,,,,,,,,,2.2945810017595,0.00020591806846,0.000178099041686667,1.39234353398823,9.9149553E-13,9.00750011416667E-05,2.2945810017595,0.00020591806846,0.000178099041686667,1.39234353398823,1.98299105E-12,0.059,0.336537200374868,0.000149045619757667,,,0.356699583809933,0.337199583809933,,0.172555039033197,0.153055039033197,0.0959756115273874,0.058,0.0438346129019603,0.763265095836666,2.3123766723997E-07,0.601558099711139,0,0,0,#REF!,0.0516131840348
d01c28ax43,Control,Yes,JB024,0.45545,4.17825,1248,1188,n,0.0435835905,0.218121,0.040601326718156,0.0229,0.250615962010688,0.303180066966508,0.253448746774861,0.238075214009827,0.249425720355,0.208824393636844,0.0000775053002285,0.0001085489102285,0.000126929735747,,,,,,,,,,,,,,3.29867489550529,0.0001644738759115,0.0001334302659115,0.874597520954493,2.92206480437182E-50,0.000077314310292,3.01251678508202,0.000157973345747,0.000126929735747,0.79050341721548,1.19367045510388E-44,0.094,0.00995927673445422,0.0001901891520605,,,0.267736996294063,0.248936996294063,,0.272248746774861,0.253448746774861,0.142510134326927,0.104,0.0350237050334698,0.654119876240796,3.57052888465046E-53,0.523698606585897,0.360771844349084,0.412704921216539,0.393904921216539,#REF!,0.22030559545
d01c29Aax44,Control,No,JB024,0.0306425,0.57525,60,35,n ,0,0.00989,0.00175220862201304,0.0394,0.0435566546430219,0.145359434410963,0.122058405012785,0.0909024600468048,0.009680045872,0.00792783724998696,6.18090239392667E-05,0.0000896280507126,0.000111315123152167,,,,,,,,,,,,,,100,0,-2.78190267733333E-05,100,0,6.18090239392667E-05,-0.619758553721932,0.0001391341499255,0.000111315123152167,100,0.666666666666667,0.027,0.411699361876017,-2.78190267733333E-05,,,0.0487792729101951,0.0299792729101951,,0.140858405012785,0.122058405012785,0.0626193156452758,0.025,-0.0376,-1.04818045673365,100,0.614336563784988,0,0,0,#REF!,0.0059496739832
d01c29Bax45,Control,No,JB024,0.138,1.67075,348,310,y,0,0.1611516,0.0101613223238951,0.0260,0.225629111285898,0.212297080794736,0.140208510479145,0.343569071691148,0.0693857374516,0.0592244151277049,5.89522708405667E-05,0.0000867712976139,0.000138226184648667,,,,,,,,,,,,,,1.94276229849302,0.0001679100384825,0.000140091011709167,0.631854366673937,9.97397591704959E-17,5.89522708405667E-05,1.94276229849302,0.000166045211422,0.000138226184648667,0.650776592236883,2.53971984501128E-16,0.067,0.192720919963743,0.000105882363644667,,,0.0909448065602744,0.0714448065602744,,0.159708510479145,0.140208510479145,0.108653529070388,0.071,0.0381984519707755,0.680971132730356,8.9327054E-13,0.702394025555067,0,0,0,#REF!,0.0666853334856
d01c35ax04,Control,Yes,JB024,0.4824,3.9115,1282,1216,n,0.0603113976,0.313133,0.0417133647944869,0.0199,0.25511452431376,0.295155152048877,0.236823801182454,0.298875446020003,0.29435536828,0.252642003485513,6.171877557975E-05,9.276238557975E-05,0.00014206263488,,,,,,,,,,,,,,4.11262316510296,0.000175163011949,0.000144119401949,0.763266466394776,3.62354689110047E-97,0.0000616312392979,4.20927889799617,0.00017310624488,0.00014206263488,0.811746433663565,5.53697978360141E-96,0.104,0.195549569146994,0.000142432093292,,,0.394296603926838,0.374796603926838,,0.256323801182454,0.236823801182454,0.14287863900309,0.104,0.0384089519105358,0.517242446796252,1.22253152075546E-103,0.564635779113271,0.124891430642379,0.160302797359698,0.140802797359698,#REF!,0.273120813225
d03c02ax05,Control,Yes,JB024,0.172425,1.849,132,98,n,0.0400072224,0.062054,0.00426458962573824,0.0363,0.218499429017585,0.172803939613201,0.115757834043559,0.237317042359244,0.040503983814,0.0362393941882618,0.000081607628438,0.000112651238438,0.000202163869528,,,,,,,,,,,,,,1.12529630678621,0.000233207479528,0.000202163869528,0.573077213844847,1.1507495272356E-06,0.000081607628438,1.12529630678621,0.000233207479528,0.000202163869528,0.573077213844847,2.30149905447121E-06,0.053,0.00762228976612433,0.000131129962571,,,0.241453197976405,0.221953197976405,,0.135257834043559,0.115757834043559,0.079781611215788,0.041,0.0535399111223845,0.677692675232849,1.7247553918201E-06,0.614930551553992,0.0874617425300833,0.108428002352608,0.088928002352608,#REF!,0.036042094337
d03c03ax06,Control,Yes,JB024,0.3033,2.6495,606,552,n,0.041761484,0.194617,0.0197186857223427,0.0280,0.268566883873544,0.270579710401621,0.233948325449125,0.272074576650515,0.143931807925,0.124213122202657,0.000091199526476,0.000122243136476,0.000150486142547,,,,,,,,,,,,,,2.96852441549281,0.000181529752547,0.000150486142547,0.981565954800752,1.32244087487427E-22,0.000091199526476,2.96852441549281,0.000181529752547,0.000150486142547,0.981565954800752,2.64488174974853E-22,0.080,0.0484859510484033,0.000164776152158,,,0.289434741584713,0.269934741584713,,0.253448325449125,0.233948325449125,0.125404869999254,0.086,0.0402648277332751,0.695009391123774,2.77938007218849E-19,0.509899085158315,0.118956842384565,0.142045607501907,0.122545607501907,#REF!,0.1301733615
d03c07ax07,Control,Yes,JB024,0.243125,2.29225,416,366,n,0.0254169087,0.062153,0.0135350048101328,0.0329,0.222766757633066,0.22149478057271,0.18520598617063,0.247564605041625,0.112150643325,0.0986156385148672,0.000106356190186,0.000137399800186,0.000160622390053,,,,,,,,,,,,,,1.99373831898772,0.000191666000053,0.000160622390053,1.02416830897583,2.023734296E-11,0.000106356190186,1.99373831898772,0.000191666000053,0.000160622390053,1.02416830897583,4.047468592E-11,0.059,0.00839298724135537,0.000176230353048,,,0.243158674529255,0.224358674529255,,0.20400598617063,0.18520598617063,0.106409612082797,0.067,0.0436586732437458,0.753922025108804,3.4618898177E-10,0.517864401245626,0.10393865769459,0.166423139791142,0.147623139791142,#REF!,0.100061681525
d03c08ax47,Control,No,JB024,0.0854525,1.204,283,242,n,0,0.0881058,0.00826251269127661,0.0224,0.265995434829416,0.186642368135139,0.138663554314636,0.259692149706453,0.0423843242136,0.0341218115223234,6.03366559365667E-05,0.0000881556827099,7.83356909226667E-05,,,,,,,,,,,,,,0.634053026064253,0.000106154717696,7.83356909226667E-05,0.949458926988553,0.0036845571113806,6.03366559365667E-05,0.634053026064253,0.000106154717696,7.83356909226667E-05,0.949458926988553,0.0073691142227612,0.042,0.0567800183632437,0.000192362736724667,,,0.312574432010124,0.293074432010124,,0.158163554314636,0.138663554314636,0.0877693983003491,0.050,0.0301398821705295,0.742860521807885,0.000368664274693587,0.56015342807716,0,0,0,#REF!,0.0359241117928
d03c10ax08,Control,Yes,JB024,0.13675,1.75225,241,206,n,0.0271240082,0.080656,0.00783842312080636,0.0269,0.1305090591472,0.240541634176617,0.191315866085094,0.152442692247131,0.0576268791645,0.0497884560436936,0.000068405231488,0.000099448841488,0.000129245143752,,,,,,,,,,,,,,1.54992441329152,0.000160288753752,0.000129245143752,0.445028972560551,5.68134223412508E-06,0.000068405231488,1.54992441329152,0.000160288753752,0.000129245143752,0.445028972560551,1.13626844682502E-05,0.066,0.177563731085779,0.0001321165308055,,,0.149733451899705,0.130933451899705,,0.210115866085094,0.191315866085094,0.0960600335665776,0.057,0.0460805075607799,0.583824668602113,1.53356327E-12,0.495697224466561,0.0876423053391326,0.103414661853416,0.084614661853416,#REF!,0.0489196438835
d03c11ax49,Control,No,JB024,0.05928,0.909975,310,261,n,0,0.031591,0.00905334902080317,0.0202,0.188490388507058,0.175238018677996,0.142793948116271,0.203977146469511,0.0356032920772,0.0265499430563968,5.17770907630667E-05,0.0000795961175364,6.66183622933167E-05,,,,,,,,,,,,,,0.701883381209068,0.0000960764822317,6.82574554583667E-05,0.577873173621765,0.00664088658984536,5.10434307788667E-05,0.778379191903867,9.443738906665E-05,6.66183622933167E-05,0.610293447991024,0.0136423121620569,0.029,0.0321009136307165,0.000165463480456667,,,0.247306040314871,0.227806040314871,,0.162293948116271,0.142793948116271,0.0683923169793466,0.031,0.0241479686165952,0.835859350942226,0.00145412962257886,0.457206994794129,0,0,0,#REF!,0.026641685718
d03c12ax09,Control,Yes,JB024,0.39915,3.39025,948,886,y,0.0887294533,0.172299,0.0308409540003872,0.0249,0.18412548771069,0.296723270940283,0.240321528546743,0.241989052222904,0.20923182025,0.178390866249613,0.00008508563662,0.00011612924662,0.00014059625862,,,,,,,,,,,,,,1.33513523574605,0.000171900706469,0.000140857096469,100,1.1511398207131E-34,0.000085081960788,1.34609618193194,0.00017163986862,0.00014059625862,0.462038726160551,1.66660666819538E-33,0.095,0.116390517276172,0.000191349425487,,,0.158328931690783,0.138828931690783,,0.259821528546743,0.240321528546743,0.138978839087579,0.100,0.0383727886192757,0.64793145546069,5.05984894023358E-42,0.549133247116402,0.135169050635456,0.129922940582441,0.110422940582441,#REF!,0.19238074744
d03c13ax50,Control,Yes,JB024,0.161675,1.7685,216,179,n,0.0160153266,0.040373,0.0070301523402367,0.0293,0.220846174521142,0.159782100012891,0.126238088128133,0.234465108166547,0.047312169488,0.0402820171477633,0.0000708880373835,0.0001019316473835,0.0001470984869385,,,,,,,,,,,,,,2.11676728645782,0.0001781420969385,0.0001470984869385,100,1.49861706761E-09,0.0000708880373835,2.11676728645782,0.0001781420969385,0.0001470984869385,1.54717343661948,2.99723413522E-09,0.044,0.00471077996765253,0.0002073926725395,,,0.261752138666675,0.242952138666675,,0.145038088128133,0.126238088128133,0.094852017877722,0.056,0.0391181860678765,0.74983007699439,3.68255514917244E-06,0.697198572051394,0.16831767384465,0.195379796962499,0.176579796962499,#REF!,0.035685952687
d03c14Aax53,Control,No,JB024,0.13685,1.67925,312,272,n,0,0.045519,0.00910970721322636,0.0277,0.0697738674385133,0.194807235319906,0.152628634107153,0.156369786552736,0.066404487108,0.0572947798947736,8.18129851996667E-05,0.000109632011973,0.000156984940820667,,,,,,,,,,,,,,3.48171217938681,0.000184803967594,0.000156984940820667,100,1.975506E-14,8.18129851996667E-05,3.48171217938681,0.000184803967594,0.000156984940820667,1.28337203896354,4.259225E-14,0.049,0.000199044547744801,0.000155816473881667,,,0.0470861193620191,0.0275861193620191,,0.172128634107153,0.152628634107153,0.0971571287803505,0.060,0.0402810658960511,0.686998250241,3.5541637339E-10,0.593065537134886,0,0,0,#REF!,0.056443540312
d03c14Bax54,Control,Yes,JB024,0.2961,2.60125,785,732,y,0.0722090099,0.0812949,0.0254728216284633,0.0199,0.286264548675279,0.254449400517817,0.206944135477971,0.303178486895296,0.147666479715,0.122193658086537,0.0000620510099578,0.0000930946199578,0.000105587001772,,,,,,,,,,,,,,3.70305878920318,0.000136630611772,0.000105587001772,100,4.85425236186334E-30,0.0000619448904839,3.71740675680794,0.000136630611772,0.000105587001772,0.632620095877958,6.20309095534682E-30,0.079,0.0150521230174744,0.000164024140246,,,0.253748606041388,0.234948606041388,,0.225744135477971,0.206944135477971,0.112931590726168,0.074,0.0331261901405593,0.601699678806766,9.22088711366618E-32,0.514909701486257,0.141022779705967,0.130925425389862,0.112125425389862,#REF!,0.13146676634
d03c16ax56,Control,No,JB024,0.07197,1.019525,124,90,n,0,0.021722,0.00361813167607298,0.0305,0.213584311655912,0.145169582558647,0.121918439665041,0.215642080440945,0.0223520001376,0.018733868461527,7.96111630136667E-05,0.000107430189787,0.000111836420418167,,,,,,,,,,,,,,1.78504682463267,0.0001396554471915,0.000111836420418167,100,0.05643032874804,7.96111630136667E-05,1.78504682463267,0.0001396554471915,0.000111836420418167,0.770202299494392,0.11286065749608,0.028,0.292293182728668,0.000111773502647667,,,0.241511686020037,0.222711686020037,,0.140718439665041,0.121918439665041,0.061567196462147,0.024,0.0379873294075817,0.804132997900029,0.00835607775543391,0.498522837221795,0,0,0,#REF!,0.0182525704332
d03c17ax57,Control,No,JB024,0.0620275,1.071,39,17,n,0,0.026321,0.00113959988018394,0.1298,0.271004459211009,0.315217293381826,0.288275722160323,0.270811256131586,0.025676272784,0.0245366729038161,-2.78190267733333E-05,0,0,,,,,,,,,,,,,,100,0.000681567558447,0.000653748531673667,100,0,0,100,0,-2.78190267733333E-05,100,0,0.062,0.00025183523774139,-2.78190267733333E-05,,,0.526550321490658,0.507050321490658,,0.307775722160323,0.288275722160323,0.0615915433428395,0.024,0.119897658943682,1.0829683496524,0.257985072143532,0.200897415774935,0,0,0,#REF!,0.025676272784
d03c18ax48,Control,Yes,JB024,0.130675,1.44275,339,287,n,0.020249,0.054599,0.011030142772398,0.0280,0.290423027304578,0.244488477365166,0.202327302243627,0.305361413537876,0.06573493447,0.054704791697602,0.0000682698351252,0.0000993134451252,0.00008396642742,,,,,,,,,,,,,,0.398226849012872,0.00011501003742,0.00008396642742,100,0,0.0000682698351252,0.398226849012872,0.00011501003742,0.00008396642742,0.732157738294878,0.00539463844118435,0.046,0.0581530079191638,0.000149327347234,,,0.287880574352621,0.268380574352621,,0.221827302243627,0.202327302243627,0.0798580717129566,0.041,0.0359763773770017,0.778866899027436,1.64140514660445E-05,0.372284397135398,0.0142881432665681,0.0911300608459026,0.0716300608459026,#REF!,0.0561263499615
d03c19ax10,Control,Yes,JB024,0.401775,3.13575,1251,1186,y,0.0254169087,0.3166081,0.0407094049262951,0.0247,0.262049433203541,0.287241387502876,0.249391138893718,0.373938467873977,0.246473426705,0.205764021778705,0.000089528320602,0.000120571930602,0.000129247335288,,,,,,,,,,,,,,3.4513449795339,0.000158899904775,0.000127856294775,100,2.87360888571627E-26,0.000089692026712,3.42247956825735,0.000160290945288,0.000129247335288,0.79656524661469,9.301837103565E-27,0.090,9.30775654143E-09,0.000231092668842,,,0.199694243339481,0.180194243339481,,0.268891138893718,0.249391138893718,0.144880535591386,0.106,0.0332454049799904,0.741967900970344,3.07177473545472E-28,0.535265548280244,0.228046596335963,0.236575988521417,0.217075988521417,#REF!,0.225291816065
d03c20ax46,Control,Yes,JB024,0.396325,3.153,227,200,n,0.0840938669,0.0370488,0.00735164375572799,0.0273,0.210118506855441,0.197760228850369,0.129022552074336,0.219316239495809,0.1021077218,0.094756078044272,-0.00003104361,0,0.0003128758690615,,,,,,,,,,,,,,100,0.000339178481315,0.000308134871315,100,0,0.000069122423176,6.65615075477106,0.0003439194790615,0.0003128758690615,0.626037138781999,1.18322663877032E-19,0.104,0.107987181841038,0.000069122423176,,,0.327122087946485,0.307622087946485,,0.148522552074336,0.129022552074336,0.130849133320578,0.092,0.0654052980892302,0.417288344101539,7.49252592345094E-17,0.974705182183956,0.141933786088089,0.125185459652309,0.105685459652309,#REF!,0.1021077218
d03c22ax11,Control,Yes,JB024,0.1218,1.36125,299,244,n,0.0124949906,0.05215,0.00972532683727486,0.0237,0.287295494086522,0.194489164775969,0.159315127168156,0.271065396111272,0.0495332923385,0.0398079655012251,0.000072778664341,0.000103822274341,0.000082085781411,,,,,,,,,,,,,,1.79349153322832,0.000113129391411,0.000082085781411,100,0,0.000072778664341,1.79349153322832,0.000113129391411,0.000082085781411,1.40163843885367,0.14757463400223,0.036,0.296727177713001,0.000267432897253,,,0.310742505948897,0.291942505948897,,0.178115127168156,0.159315127168156,0.068593023518935,0.030,0.0316683652952806,0.749446507818174,0.000495137433610594,0.400053443389457,0.0436399583091373,0.107311252655951,0.088511252655951,#REF!,0.042590314842
d03c25ax45,Control,No,JB024,0.04879,0.781525,146,121,y,0,0.09400293,0.00426450973420944,0.0345,0.155615681596793,0.159281351386217,0.120256919766691,0.188302852459129,0.0228098239132,0.0185453141789906,6.88841618890667E-05,0.0000967031886624,0.000101744800245667,,,,,,,,,,,,,,100,0.000147566078882,0.000119747052108667,100,0,6.85171596885167E-05,0.271556994383757,0.000129563827019,0.000101744800245667,-0.0237886408288735,0.0729696035885571,0.051,0.0051218412129708,0.000175097289771167,,,0.188456078762476,0.168956078762476,,0.139756919766691,0.120256919766691,0.0740074468063493,0.036,0.0364685225392893,0.944976997141766,0.119771208247075,0.575375191492286,0,0,0,#REF!,0.0165847426256
d03c29ax12,Control,Yes,JB024,0.4097,4.12825,776,724,y,0.0736983493,0.17174,0.025603671810567,0.0304,0.187862361088555,0.433147770928052,0.370636046751338,0.300584459619322,0.25105337136,0.225449699549433,0.000086442379161,0.000117485989161,0.0001903405846445,,,,,,,,,,,,,,100,0.000245960875808,0.000214917265808,100,0,0.000085569591161,1.64342398353993,0.0002213841946445,0.0001903405846445,0.604478547087759,4.71544626840698E-31,0.088,0.378557143387988,0.000123352462498,,,0.114146419731418,0.094646419731418,,0.390136046751338,0.370636046751338,0.131015849345795,0.092,0.0529581106445422,0.573934669303493,3.57459041597583E-45,0.336289695640087,0.0773293815998252,0.153364429799871,0.133864429799871,#REF!,0.24015182424
d03c30ax13,Control,Yes,JB024,0.0759675,1.132,143,107,n,0.0131672118,0.039444,0.00478385235580845,0.0293,0.131516354435085,0.188729524443978,0.117485424844872,0.142423577058583,0.0263411109105,0.0215572585546916,0.0000677177534334,0.0000987613634334,0.000098367540449,,,,,,,,,,,,,,0.473859744548158,0.000129411150449,0.000098367540449,0.373087929056417,0.0056692621064996,0.0000677177534334,0.473859744548158,0.000129411150449,0.000098367540449,0.373087929056417,0.0113385242129992,0.030,0.167858432796633,0.0002120953280885,,,0.24959074574954,0.23009074574954,,0.136985424844872,0.117485424844872,0.0666629297414842,0.028,0.0417363757933505,0.701043130610677,0.00445699761070716,0.535867774535163,0.0546894370681892,0.0993573389915821,0.0798573389915821,#REF!,0.020111673961
d03c33ax14,Control,Yes,JB024,0.36235,3.37675,901,840,y,0.0534145273,0.1567854,0.0292515426077706,0.0293,0.237260458274737,0.309340547384772,0.253045281157253,0.34793013596194,0.22097204975,0.191720507142229,0.000106578164056,0.000137621774056,0.000158916868404,,,,,,,,,,,,,,1.89442875238388,0.000199650620119,0.000168607010119,0.770997992246765,3.45883316250049E-33,0.0001058772133105,1.78794913945003,0.000189960478404,0.000158916868404,0.655965203385966,5.94905469662891E-23,0.094,0.0201260488072395,0.000214851771324,,,0.134129606203476,0.114629606203476,,0.272545281157253,0.253045281157253,0.138969053577429,0.100,0.0404438353037496,0.725368341587746,2.26733692005486E-28,0.516924916647872,0.0797271487927336,0.192411218163423,0.172911218163423,#REF!,0.207108508015
d03c37ax15,Control,Yes,JB024,0.230175,2.31875,539,483,y,0.0419552774,0.1195124,0.0175366200255722,0.0280,0.208058123328003,0.274033652151351,0.206340832341839,0.287683051972241,0.126734769685,0.109198149659428,0.000092725991073,0.000123769601073,0.000144094352696,,,,,,,,,,,,,,2.46044469629527,0.000188030619643,0.000156987009643,0.564926069071715,6.75377786268719E-18,0.000092258435019,1.72204379956562,0.000175137962696,0.000144094352696,0.560015913064824,2.72087E-13,0.079,0.418951852393474,0.000189235640724,,,0.140018526076351,0.121218526076351,,0.225140832341839,0.206340832341839,0.11595615417418,0.077,0.0408401634511046,0.686653812632976,1.06440906638692E-17,0.529933742806644,0.0753290086822977,0.120656163995386,0.101856163995386,#REF!,0.11648541697
d06c08ax60,Control,No,JB024,0.0728875,0.944275,152,113,n,0,0.027864,0.00443712464029538,0.0367,0.22645596253302,0.150398279680542,0.121152856170964,0.231852252001856,0.0327181987364,0.0282810740961046,0.000103801748016667,0.00013162077479,0.000149483416662167,,,,,,,,,,,,,,1.13542699665567,0.0001773024434355,0.000149483416662167,0.194123247109551,0.000261114097397929,0.000103801748016667,1.13542699665567,0.0001773024434355,0.000149483416662167,0.194123247109551,0.000522228194795858,0.037,0.133734805837834,0.000156939028758167,,,0.239659910251722,0.220859910251722,,0.139952856170964,0.121152856170964,0.0735090413608657,0.036,0.0432412790563715,0.849708418709615,0.00599055870842422,0.568026732449071,0,0,0,#REF!,0.0266888085752
d06c09ax61,Control,No,JB024,0.154175,1.75175,429,372,y,0,0.0699706,0.0124081241598463,0.0294,0.248550313215574,0.208704289743857,0.16715871182253,0.308558258689364,0.082139253686,0.0697311295261537,9.22820177401667E-05,0.0001201010445135,0.000130336745260167,,,,,,,,,,,,,,1.91794850277527,0.0001581557720335,0.000130336745260167,0.936273678472481,2.71796579436E-09,9.22820177401667E-05,1.91794850277527,0.0001581557720335,0.000130336745260167,0.936273678472481,5.43593158872E-09,0.051,0.000192341314226204,0.000194928936049167,,,0.21426662647959,0.19476662647959,,0.18665871182253,0.16715871182253,0.0988170491747939,0.061,0.038252403228318,0.767569725669582,1.2592326911217E-06,0.561245402393037,0,0,0,#REF!,0.07349322999
d06c10ax62,Control,Yes,JB024,0.49225,3.6375,1146,1075,n,0.0757852811,0.308962,0.0372218634228573,0.0241,0.318965436233887,0.292374768160056,0.251133771818793,0.334216056275698,0.261162877365,0.223941013942143,0.000079925159596,0.000110968769596,0.0001473551590165,,,,,,,,,,,,,,4.70383642965268,0.0001783987690165,0.0001473551590165,0.639376026295579,4.20887345448432E-58,0.0000798976188415,4.74632806461971,0.0001783987690165,0.0001473551590165,0.63688775959776,1.02997703914572E-57,0.087,3.3705401589311E-07,0.0001660119685625,,,0.380339663093249,0.360839663093249,,0.270633771818793,0.251133771818793,0.142921805245704,0.104,0.0386545137227797,0.622294171386516,4.08287909535649E-51,0.546418855688082,0.195921224067467,0.179320958549327,0.159820958549327,#REF!,0.24668700212
d06c11ax63,Control,Yes,JB024,0.214825,2.31575,535,480,n,0.0231303517,0.043479,0.0174063962545546,0.0243,0.254238558145488,0.209400513517681,0.176763703974832,0.251583750696924,0.09986670889,0.0824603126354454,0.000076353555646,0.000107397165646,0.0001160495342285,,,,,,,,,,,,,,1.88653714385287,0.0001481522361765,0.0001171086261765,0.7961689641146,9.4031429E-13,0.000076022733014,1.99679936105772,0.0001470931442285,0.0001160495342285,0.833605777431907,3.03761382E-12,0.062,0.00668280271844546,0.000213807058294,,,0.366319097872136,0.346819097872136,,0.196263703974832,0.176763703974832,0.109045554824835,0.070,0.0334756231597035,0.726244645670053,5.0321706E-13,0.580850099405254,0.193289866607232,0.206466450803454,0.186966450803454,#REF!,0.0889075152155
d06c12ax64,Control,Yes,JB024,0.244975,2.8675,467,418,n,0.0336782411,0.0355962,0.0151952004201451,0.0304,0.333259230088102,0.235429728014466,0.1856126004692,0.311769962778728,0.10335206752,0.0881568670998549,0.0001064840329455,0.0001375276429455,0.0001363959304415,,,,,,,,,,,,,,1.85139009312757,0.0001674395404415,0.0001363959304415,0.707192784743793,3.31947093571666E-05,0.000106156823722,1.86206290324636,0.0001674395404415,0.0001363959304415,0.707038453216691,4.10527461952059E-05,0.062,0.153953097114071,0.000225496029101,,,0.448950393567518,0.429450393567518,,0.2051126004692,0.1856126004692,0.102912749153784,0.064,0.0367682025232639,0.827990166967143,1.60844891823628E-06,0.489111632728154,0.304070120500412,0.32870650962967,0.30920650962967,#REF!,0.089606167535
d06c13ax65,Control,Yes,JB024,0.359225,2.99125,576,527,y,0.0285390429,0.1213497,0.0187398113857036,0.0368,0.208496421935922,0.307448590279776,0.231920603604983,0.272447836143192,0.26752462703,0.248784815644296,0.0001006480991065,0.0001316917091065,0.0003357545061305,,,,,,,,,,,,,,6.37726336606381,0.000359915260158,0.000328871650158,0.700772096640372,6.13360777876635E-41,0.000099865412841,6.34556199556211,0.0003667981161305,0.0003357545061305,0.674377917736198,3.59059243188029E-41,0.118,0.00121648403417274,0.000099865412841,,,0.200088648841278,0.180588648841278,,0.251420603604983,0.231920603604983,0.143696438186291,0.105,0.0601911947603826,0.610635022002178,6.31662554356255E-33,0.572148121279353,0.10939458086681,0.160284060426123,0.140784060426123,#REF!,0.26752462703
d06c14Aax66,Control,Yes,JB024,0.2975,2.83875,540,482,y,0.0601713397,0.0864448,0.0175728463810546,0.0242,0.090711387483961,0.213525165352957,0.177102629609842,0.190758594005854,0.102523333395,0.0849504870139454,6.789584708415E-05,9.893945708415E-05,0.0001108716767705,,,,,,,,,,,,,,100,0.0001419152867705,0.0001108716767705,0.662421757430004,3.71736824E-12,6.789584708415E-05,2.10663993489861,0.0001419152867705,0.0001108716767705,0.662421757430004,7.43473648E-12,0.063,0.000154771402865209,0.0001882335327665,,,0.0478145407107518,0.0283145407107518,,0.196602629609842,0.177102629609842,0.116765461752848,0.078,0.0332881511592629,0.727169867840692,2.87284551668E-09,0.621835597740836,0.129616214685828,0.117794946716069,0.098294946716069,#REF!,0.088129120495
d06c14Bax67,Control,Yes,JB024,0.32085,3.6215,566,523,y,0.032572464,0.0818894,0.0184119107636948,0.0337,0.341871330717918,0.446103399390834,0.389866801459379,0.316678723440451,0.253201540865,0.234789630101305,0.000096802122454,0.000127845732454,0.0003126524553765,,,,,,,,,,,,,,100,0.000373418018442,0.000342374408442,0.450462592323102,3.64982872935076E-43,0.00009448580165,4.64920020343851,0.0003436960653765,0.0003126524553765,0.618758213306286,9.88379120091104E-39,0.130,2.4969839E-13,0.00009448580165,,,0.39940170601742,0.38060170601742,,0.408666801459379,0.389866801459379,0.137837119304674,0.099,0.0609986407390682,0.552358886533695,1.38312743673899E-33,0.349013864608197,0,0,0,#REF!,0.252144179595
d06c15ax68,Control,No,JB024,0.0480125,0.761375,84,52,n,0,0.028172,0.00245295929337487,0.0312,0.11672456240963,0.137511997428704,0.106539323996435,0.121187179175647,0.0140898939336,0.0116369346402251,0.000119147511055667,0.000146966537829,0.000144305313689167,,,,,,,,,,,,,,100,0.0001721243404625,0.000144305313689167,1.097450962201,0.247062272204632,0.000119147511055667,0.298956586522719,0.0001721243404625,0.000144305313689167,1.097450962201,0.494124544409264,0.016,0.192722237928115,-2.78190267733333E-05,,,0.146089454922281,0.126589454922281,,0.126039323996435,0.106539323996435,0.0524465083788222,0.015,0.0350176220845861,0.891115854319151,0.0346763248416846,0.562973613865353,0,0,0,#REF!,0.0111417954428
d06c17ax69,Control,Yes,JB024,0.316775,2.841,757,699,y,0.0511657633,0.2468953,0.0245966107723753,0.0300,0.266314572786987,0.272502972202425,0.227193886578419,0.301503649805881,0.18665915989,0.162062549117625,0.000091107660911,0.000122151270911,0.000156338897991,,,,,,,,,,,,,,100,0.000189846533459,0.000158802923459,0.527611456537042,1.44247252024779E-28,0.000090985521465,2.60756480005301,0.000187382507991,0.000156338897991,0.56860561668495,1.80700735346696E-27,0.074,3.5437856518152E-07,0.000187232486867,,,0.232130191274525,0.213330191274525,,0.245993886578419,0.227193886578419,0.130864381286293,0.092,0.0399333570981065,0.752240613545375,1.32811843926868E-17,0.557442937490216,0.11688601930193,0.16010467866208,0.14130467866208,#REF!,0.169536268775
d06c18ax70,Control,No,JB024,0.0831375,1.21525,321,278,n,0,0.067793,0.00925642748641059,0.0255,0.18326947925285,0.206889942159849,0.148133065961182,0.154312135073372,0.0541780150516,0.0449215875651894,5.77937872981667E-05,0.0000856128140715,9.61413762736667E-05,,,,,,,,,,,,,,100,0.000129552381754,0.000101733354980667,0.581113710713196,1.5417949482E-10,5.76725105840667E-05,1.40032824127665,0.000123960403047,9.61413762736667E-05,0.68102154750324,2.08040782271E-09,0.043,0.323467797241241,0.000136301108264167,,,0.259495560441452,0.239995560441452,,0.167633065961182,0.148133065961182,0.0859809713399421,0.048,0.0334646793220729,0.760650637625804,7.9968153008278E-07,0.508244586201445,0,0,0,#REF!,0.0436455923748
d06c19ax71,Control,Yes,JB024,0.238975,2.54875,578,537,y,0.0109989541,0.283924,0.0188082469186915,0.0250,0.143908180045289,0.2411090354138,0.198848384910362,0.245865091649127,0.144217099015,0.125408852096308,0.000077913747593,0.000108957357593,0.0001666643101255,,,,,,,,,,,,,,100,0.000198074655645,0.000167031045645,0.868854452044469,1.38344733997147E-27,0.000077913747593,3.54422724274727,0.0001977079201255,0.0001666643101255,0.886036980789706,4.99807635763971E-27,0.092,0.298912261648203,0.0001434848470955,,,0.0850406753195587,0.0655406753195587,,0.218348384910362,0.198848384910362,0.130304549128635,0.091,0.0419958417811206,0.594601920307963,1.22699655048536E-24,0.603286684690446,0.174423077758442,0.225476352455823,0.205976352455823,#REF!,0.11921215868
d06c20ax72,Control,Yes,JB024,0.154175,1.8265,214,191,n,0.02629282837,0.064028,0.00705843599874194,0.0257,0.282785250214956,0.173051256521368,0.117582019022317,0.293888338353291,0.0476824772955,0.0406240412967581,0.0000518983405176,0.0000829419505176,0.000121164814861,,,,,,,,,,,,,,100,0.000154343289471,0.000123299679471,0.578731186231478,5.73755331E-12,0.0000518983405176,1.83568845432412,0.000152208424861,0.000121164814861,0.768662980663473,9.4608679E-13,0.068,0.00270064258873398,0.000124683258494,,,0.250245891035114,0.230745891035114,,0.137082019022317,0.117582019022317,0.0968560793322244,0.058,0.0394337790371169,0.651694955577603,1.840396548218E-08,0.760906119992806,0.105030100979402,0.091836888371193,0.072336888371193,#REF!,0.0371738736025
d06c22ax16,Control,Yes,JB024,0.1938,1.95825,426,368,y,0.0162597653,0.0540294,0.0154222038199005,0.0275,0.270844844380146,0.218319805696979,0.173723323441995,0.277243497500831,0.094863683965,0.0794414801450995,0.000082880368833,0.000113923978833,0.0001470041212875,,,,,,,,,,,,,,2.55485034081555,0.0001780477312875,0.0001470041212875,0.645148661725255,1.369347E-14,0.000082880368833,2.55485034081555,0.0001780477312875,0.0001470041212875,0.645148661725255,2.738695E-14,0.046,0.486100560220966,0.000163799752406,,,0.275494222179854,0.255994222179854,,0.193223323441995,0.173723323441995,0.0881320840266204,0.049,0.0389183299975528,0.706118847772356,1.9356229E-12,0.450833850387697,0.0956324022436819,0.156589645273161,0.137089645273161,#REF!,0.08182346393
d06c25ax17,Control,Yes,JB024,0.296725,2.65475,682,614,y,0.0254710745,0.1044895,0.0221834486778956,0.0296,0.275590050344205,0.276370268248416,0.237030228762556,0.31934226377283,0.17502356056,0.152840111882104,0.000105172210476,0.000136215820476,0.0001714560247835,,,,,,,,,,,,,,100,0.000203791316475,0.000172747706475,0.853926661089957,2.59325913422914E-16,0.000105172210476,4.24489325938146,0.0002024996347835,0.0001714560247835,0.877797029769405,6.52438694602989E-16,0.063,0.125214870441553,0.000188272398465,,,0.259138892831334,0.240338892831334,,0.255830228762556,0.237030228762556,0.107551315466166,0.069,0.0420721988778748,0.704222261637051,4.78843161231497E-17,0.424432044530591,0.131749844916754,0.219412657404698,0.200612657404698,#REF!,0.162028528905
d07c12ax74,Control,No,JB024,0.1312,1.557,330,287,n,0,0.128533,0.0096345950443733,0.0298,0.232603815702923,0.200124364614403,0.168761744575933,0.248803595058984,0.0676816294592,0.0580470344148267,9.27866796366667E-05,0.00012060570641,0.000154618331112667,,,,,,,,,,,,,,1.2735165763009,0.000182866577772,0.000155047550998667,0.573091645285432,4.890804269E-11,9.27866796366667E-05,1.2735165763009,0.000182437357886,0.000154618331112667,0.576040450483625,4.1146485007E-10,0.053,0.00742040602719913,0.000187239709507667,,,0.21300021425153,0.19420021425153,,0.187561744575933,0.168761744575933,0.0984576261140899,0.061,0.0369352224702769,0.805757801198412,2.3751079608274E-07,0.572584702028545,0,0,0,#REF!,0.057247753464
d07c14Aax75,Control,No,JB024,0.150575,1.75,259,217,n,0,0.052237,0.00756044439863657,0.0351,0.0683141358747409,0.193039467983131,0.150635298230225,0.154215149911376,0.078607798078,0.0710473536793634,9.48105493046667E-05,0.000122629576078,0.000208388912967167,,,,,,,,,,,,,,2.88218498255999,0.000237418376537,0.000209599349763667,0.827980263474169,4.3639577E-13,9.48105493046667E-05,2.98515779430232,0.0002362079397405,0.000208388912967167,0.722225886959114,1.82429193E-12,0.065,0.0677811183229499,0.000134344712459667,,,0.0555066070185838,0.0367066070185838,,0.169435298230225,0.150635298230225,0.0956500321556916,0.058,0.0486136065515937,0.722216078958707,2.5103604175365E-07,0.605652467208361,0,0,0,#REF!,0.0723285803884
d07c16ax76,Control,No,JB024,0.280275,2.93625,553,511,y,0,0.192457,0.016143834739526,0.0339,0.390525145825927,0.328479738289889,0.216761712127777,0.504104598429585,0.186682178792,0.170538344052474,0.000104190285498667,0.000132009312272,0.000274805487296167,,,,,,,,,,,,,,3.86118335971545,0,-2.78190267733333E-05,100,0,0.000103867296250667,3.85381040850431,0.0003026245140695,0.000274805487296167,0.716936797878274,2.65177463264213E-33,0.103,0.0116431391280481,0.000116126288298667,,,0.266978150149294,0.247478150149294,,0.236261712127777,0.216761712127777,0.134346582885121,0.097,0.0531941994727914,0.638148745678132,6.37325694346848E-23,0.568742780813501,0,0,0,#REF!,0.186134230844
d07c17ax77,Control,Yes,JB024,0.2342,2.5795,423,367,n,0.0351128653,0.041811,0.0137602530507366,0.0322,0.305443631881826,0.385494575706814,0.348492353700459,0.431641601213537,0.140622710245,0.126862457194263,0.000079987928869,0.000111031538869,0.000193800855348,,,,,,,,,,,,,,1.89808290939442,0.000228637107511,0.000197593497511,1.75552314546311,9.41532709808348E-19,0.000077267191314,2.06863869643742,0.000224844465348,0.000193800855348,1.86196545062005,8.49065414519454E-17,0.077,0.0826032096190354,0.000108931179881,,,0.686888589799189,0.668088589799189,,0.367292353700459,0.348492353700459,0.111049134685001,0.072,0.0529952158196082,0.608500997887047,5.6216626036627E-18,0.299973355520207,0,0,0,#REF!,0.1388813706
d07c18ax78,Control,No,JB024,0.15365,1.8545,387,345,n,0,0.066927,0.0112983774202314,0.0310,0.209090370252624,0.229161344237787,0.167898323437096,0.211518815501097,0.09817107546,0.0868726980397686,9.53944925766667E-05,0.00012321351935,0.000176671874908667,,,,,,,,,,,,,,100,0.0001987230657105,0.000170904038937167,0.704709806023375,6.42131517145907E-17,9.53944925766667E-05,1.1372522585645,0.000204490901682,0.000176671874908667,0.710681416811608,2.68635846076847E-17,0.064,0.168553328702325,0.000144772503539667,,,0.27040244110726,0.25090244110726,,0.187398323437096,0.167898323437096,0.110172044570834,0.073,0.0441834843884642,0.701872025732227,6.25448195980959E-15,0.602226896478367,0,0,0,#REF!,0.093433820716
d07c19ax79,Control,Yes,JB024,0.144,1.70675,259,225,n,0.0263763331,0.109132,0.00842455684743002,0.0275,0.229577132439221,0.17477162395637,0.131700108208643,0.251473264960457,0.0611842684435,0.05275971159607,0.000081321837016,0.000112365447016,0.0001263442374225,,,,,,,,,,,,,,100,0.0001573878474225,0.0001263442374225,0.715795080919544,5.495200836974E-07,0.000081321837016,1.305152576713,0.0001573878474225,0.0001263442374225,0.715795080919544,1.09904016739481E-06,0.059,0.129190144086406,0.000148052038347,,,0.30504643823082,0.28554643823082,,0.151200108208643,0.131700108208643,0.103406512579584,0.064,0.0400927288953675,0.686570470075205,6.68363691612E-09,0.712990213913304,0.163313053473603,0.193284487356658,0.173784487356658,#REF!,0.039845287599
d07c20ax38,Control,Yes,JB024,0.178575,2.085,397,353,n,0.0275164135,0.061378,0.0128187526725317,0.0287,0.281764981209014,0.209138330154033,0.169778666691499,0.284616816943259,0.083562358861,0.0707436061884683,0.000088181451062,0.000119225061062,0.00014141587153,,,,,,,,,,,,,,100,0.0001733207912955,0.0001422771812955,0.746087012727094,1.1933981086E-10,0.000088135759694,0.740687330634147,0.00017245948153,0.00014141587153,0.778757531533267,2.2351088383E-10,0.056,4.98231807116405E-05,0.000211918388149,,,0.332495909646409,0.312995909646409,,0.189278666691499,0.169778666691499,0.106506064748363,0.068,0.0385062695490786,0.744394807327538,2.356510633321E-08,0.559333020499969,0.174684308245663,0.200924679072246,0.181424679072246,#REF!,0.072271412162
d07c22ax18,Control,Yes,JB024,0.427625,3.32675,1606,1524,n,0.08500581197,0.213686,0.0522482227267963,0.0204,0.280399188070618,0.300401055646028,0.259625476065472,0.324441561628589,0.253217529245,0.200969306518204,0.00007122295665,0.00010226656665,0.000089202920434,,,,,,,,,,,,,,100,0.0001210889276585,0.0000900453176585,0.735671690515777,1.93706767821813E-20,0.0000712015959195,1.39893691354855,0.000120246530434,0.000089202920434,0.745949339840253,7.62770757817329E-19,0.090,0.0777015286369029,0.000241789151701,,,0.270858586235525,0.251358586235525,,0.279125476065472,0.259625476065472,0.135221771590898,0.096,0.0287268387800224,0.710009582710329,1.94199631895519E-47,0.484404908100186,0.193253300605895,0.158172872614667,0.138672872614667,#REF!,0.227180284265
d07c23ax19,Control,Yes,JB024,0.23635,2.3325,462,403,n,0.0316543356,0.056646,0.0150306089994589,0.0261,0.274910171498654,0.226987301677915,0.182189467201071,0.265889239825257,0.086055746565,0.0710251375655411,0.000088784742448,0.000119828352448,0.000110439571481,,,,,,,,,,,,,,1.86912139625395,0.000141483181481,0.000110439571481,0.685039838115133,0.000939699361003862,0.000088784742448,1.86912139625395,0.000141483181481,0.000110439571481,0.685039838115133,0.00187939872200772,0.049,0.106206660544182,0.000239435840187,,,0.346209344805406,0.326709344805406,,0.201689467201071,0.182189467201071,0.0965156234186187,0.058,0.0328899163732498,0.792718041753133,9.61912387025241E-06,0.471537016171931,0.130980798801364,0.149991672594681,0.130491672594681,#REF!,0.07039907242
d07c24ax81,Control,Yes,JB024,0.17455,1.91925,205,168,n,0.0297426526,0.064027,0.00667302575253834,0.0392,0.232782841315566,0.208755411968837,0.167544626726808,0.226829499751553,0.062956595609,0.0562835698564617,0.000100213151786,0.000131256761786,0.000179299359081,,,,,,,,,,,,,,1.1453353256001,0.000210342969081,0.000179299359081,0.127351863945566,0.00463142678641258,0.000100213151786,1.1453353256001,0.000210342969081,0.000179299359081,-0.00946920197970316,0.00673079967673382,0.047,0.00432563046893182,0.000143982581137,,,0.280453969748648,0.260953969748648,,0.187044626726808,0.167544626726808,0.0793862939770004,0.040,0.0532684416127573,0.73536892170403,3.03512600647787E-05,0.425100721188687,0.0625891973904971,0.102684464380799,0.083184464380799,#REF!,0.0598745087865
d07c25ax20,Control,Yes,JB024,0.56425,4.85025,905,857,y,0.10835867,0.1414496,0.0294379196389625,0.0245,0.35241120194118,0.483719671631644,0.264523735977738,0.553220656423298,0.328855612255,0.299417692616037,0.00007172151446,0.00010276512446,0,,,,,,,,,,,,,,5.08242175442472,0.0003173005319205,0.0002862569219205,100,1.71836274352836E-56,0.0000686765469991,2.89054167876621,0,-0.00003104361,100,4.17158848889159E-33,0.184,0.00466467818082551,0.00008917769943,,,0.126306930309177,0.106806930309177,,0.284023735977738,0.264523735977738,0.213966902827867,0.175,0.0619449077685895,0.395160613083947,8.11995561253805E-103,0.757855503894417,0.175545597566239,0.151978077212645,0.132478077212645,#REF!,0.31447175372
d07c26ax82,Control,Yes,JB024,0.29485,3.219,700,649,y,0.0455823317,0.1406895,0.0227720959141635,0.0263,0.236939292391073,0.47915358599653,0.378824113951622,0.274305834101831,0.18675514208,0.163983046165837,0.000075798855914,0.000106842465914,0.000162169489795,,,,,,,,,,,,,,2.70656661826692,0.000244055853837,0.000213012243837,0.823109374676258,5.72577747806024E-49,0.000073048112959,2.70762448186657,0.000193213099795,0.000162169489795,0.978209559720431,0.0437515433962076,0.089,0.385183114306688,0.000140386472642,,,0.245813529960636,0.227013529960636,,0.397624113951622,0.378824113951622,0.125869310202008,0.087,0.048381352342547,0.542973559445679,3.40384386962459E-44,0.311592997607675,0.0827298114379581,0.181169226727648,0.162369226727648,#REF!,0.16528179906
d07c27ax83,Control,No,JB024,0.0483,0.746275,208,169,n,0,0.026407,0.00604179314791382,0.0205,0.163973756665101,0.139943124703675,0.113709927358852,0.177781216054589,0.0246615897244,0.0186197965764862,5.01042855921667E-05,0.0000779233123655,6.29323962377667E-05,,,,,,,,,,,,,,1.41596927187308,0.0000907514230111,6.29323962377667E-05,0.638343776812286,0.0218757716981038,5.01042855921667E-05,1.41596927187308,0.0000907514230111,6.29323962377667E-05,0.638343776812286,1.19755056074252E-32,0.029,0.150512850322494,0.000220197994570167,,,0.193549679753816,0.174049679753816,,0.133209927358852,0.113709927358852,0.068367936414987,0.031,0.0256091684548015,0.801515941471786,0.00375860548516784,0.560889419218205,0,0,0,#REF!,0.0163840375272
d07c28ax21,Control,Yes,JB024,0.429875,3.2735,1015,951,y,0.0646770447,0.1281131,0.0329898707469858,0.0248,0.293100469246559,0.269460598089675,0.229852544491507,0.298837635778905,0.213108363065,0.180118492318014,0.0000785913271775,0.0001096349371775,0.0001352784936345,,,,,,,,,,,,,,2.43314176177297,0.0001663221036345,0.0001352784936345,0.863521426760568,5.98775280371261E-33,0.0000785913271775,2.43314176177297,0.0001663221036345,0.0001352784936345,0.863521426760568,3.99640231117667E-35,0.088,1.32912749756802E-05,0.000201684794797,,,0.315234409542337,0.295734409542337,,0.249352544491507,0.229852544491507,0.141062124530199,0.102,0.0353705770043298,0.700733472552595,8.92564063072057E-33,0.575653938615903,0.21018257591491,0.165611261114311,0.146111261114311,#REF!,0.182628329395
d07c34ax22,Control,Yes,JB024,0.349525,3.62975,696,656,y,0.0300822388,0.2434247,0.0229422213004297,0.0261,0.196133932051873,0.345182274553732,0.219373102124603,0.233711486947096,0.18803001015,0.16508778884957,0.000081453167951,0.000112496777951,0.000168727178008,,,,,,,,,,,,,,4.5899944891106,0.0002621737812625,0.0002311301712625,1.03223804724748,2.75965878328048E-60,0.0000802065510585,3.54165849419359,0.000199770788008,0.000168727178008,0.921178751920624,8.03177237E-12,0.112,0.0794163709683057,0.000138984868697,,,0.203033458100185,0.184233458100185,,0.238173102124603,0.219373102124603,0.155560735236135,0.117,0.0492384658111615,0.53053506406487,1.30958618322902E-51,0.658049796174568,0.48787951961235,0.586102855465712,0.567302855465712,#REF!,0.169672303605
d07c37ax23,Control,No,JB024,0.118025,1.80875,285,252,n,0,0.032043,0.00832175715222344,0.0265,0.252146652590428,0.234548497427107,0.157015615240398,0.298437516593206,0.0742464592696,0.0659247021173766,6.69842444653667E-05,0.0000948032712387,0.000149157403421167,,,,,,,,,,,,,,2.37574759510644,0,-2.78190267733333E-05,100,0,6.52555122171667E-05,2.34229535920982,0.0001769764301945,0.000149157403421167,1.51995631733513,6.348237772908E-08,0.082,7.6096927755619E-07,0.000103553627310667,,,0.341929527863572,0.322429527863572,,0.176515615240398,0.157015615240398,0.0969455282184902,0.059,0.0473889489066366,0.5585835945781,1.796097E-14,0.515100407946513,0,0,0,#REF!,0.0699699132524
d08c06ax24,Control,Yes,JB024,0.2009,1.97025,596,537,n,0.00919833966,0.102962,0.0193887551147189,0.0268,0.304056407356914,0.254277734223388,0.217025826008817,0.29018670877281,0.116470895015,0.0970821399002811,0.0000926100837015,0.0001236536937015,0.000129161757327,,,,,,,,,,,,,,1.9678251769494,0.000160541302325,0.000129497692325,100,2.366357532356E-08,0.000092173267868,1.90487585094437,0.000160205367327,0.000129161757327,0.486130897798409,4.41211126597817E-19,0.072,0.300433170873696,0.00022203857812,,,0.381765718700655,0.362265718700655,,0.236525826008817,0.217025826008817,0.109838575261846,0.071,0.0355820521598622,0.754445290244487,4.542811032E-11,0.478574629203832,0.266477434459079,0.272130883733595,0.252630883733595,#REF!,0.103144549395
d08c07ax84,Control,Yes,JB024,0.298675,2.91,662,611,y,0.035049,0.1009451,0.021535552641244,0.0285,0.282850486356,0.245556776450437,0.210669627004522,0.33089429838616,0.16281920951,0.141283656868756,0.000095463964639,0.000126507574639,0.0001683140218,,,,,,,,,,,,,,100,0.000199322906106,0.000168279296106,100,2.55035264802332E-20,0.0000960226279955,2.73000059032223,0.0001993576318,0.0001683140218,0.601999279300241,0.12379380730853,0.081,0.00992487621897083,0.000170941315092,,,0.301407373885306,0.282607373885306,,0.229469627004522,0.210669627004522,0.130339961940621,0.091,0.0399529131667344,0.713671750977899,6.29011710974625E-19,0.58778338445249,0.119986965586045,0.195809875825422,0.177009875825422,#REF!,0.138628645085
d08c08ax85,Control,No,JB024,0.049035,0.901175,107,76,n,0,0.069856,0.00312296598263786,0.0269,0.173914253187551,0.135470260676939,0.105411733179179,0.186030623724645,0.0153283832096,0.0122054172269621,6.06255905015667E-05,0.0000884446172749,9.46653517751667E-05,,,,,,,,,,,,,,0.316333864251012,0.0001224843785485,9.46653517751667E-05,100,0.0618969036542648,6.06255905015667E-05,0.316333864251012,0.0001224843785485,9.46653517751667E-05,-0.171437926378949,1.58091395149173E-27,0.026,0.351456170147041,-2.78190267733333E-05,,,0.167132445255402,0.147632445255402,,0.124911733179179,0.105411733179179,0.0558191802663831,0.018,0.0305862397160174,0.87858553613059,0.173459248917064,0.489896528736318,0,0,0,#REF!,0.0091607553272
d08c09Aax25,Control,Yes,JB024,0.292725,2.56275,631,578,y,0.030828,0.189749,0.0205200342249557,0.0270,0.112428036326936,0.229492951197025,0.189855736557021,0.258301090125082,0.153096264855,0.132576230630044,0.000094157401564,0.000125201011564,0.000167632342946,,,,,,,,,,,,,,100,0.0001997724035,0.0001687287935,100,2.71931794583581E-28,0.0000940243449235,2.23027904979105,0.000198675952946,0.000167632342946,0.716275475688842,2.66672744720379E-05,0.078,1.99196599154E-09,0.0001894395687195,,,0.0568909231551305,0.0373909231551305,,0.209355736557021,0.189855736557021,0.139624306440667,0.101,0.0404349686632558,0.668958016593996,1.02098373975251E-22,0.689581327324084,0.223232191975118,0.243017710028745,0.223517710028745,#REF!,0.14354571672
d08c10ax86,Control,Yes,JB024,0.21135,2.34575,567,514,n,0.027527,0.146054,0.018443237027912,0.0244,0.250775707608562,0.219756256112757,0.189165737483734,0.269596965580325,0.103577749795,0.085134512767088,0.000081959907626,0.000113003517626,0.00010897807766,,,,,,,,,,,,,,100,0.0001400651072785,0.0001090214972785,100,1.05979407794101E-05,0.000081959907626,2.33934959824179,0.00014002168766,0.00010897807766,0.953444334283207,0.0229676195352955,0.069,0.156691138707297,0.000215530208449,,,0.316797965096201,0.297997965096201,,0.207965737483734,0.189165737483734,0.108930972368067,0.070,0.0329708982875281,0.738806809858005,8.5188119681E-10,0.544731672202218,0.303371463204932,0.347941589733276,0.329141589733276,#REF!,0.0848517290175
d08c12ax88,Control,No,JB024,0.0757925,1.02525,408,348,n,0,0.07466,0.0119138360886652,0.0186,0.175012042754105,0.169147479515328,0.14003294273682,0.204299716367977,0.0436036986884,0.0316898625997348,8.71204709356667E-05,0.000114939497709,5.49272677203667E-05,,,,,,,,,,,,,,100,0.0000827462944937,5.49272677203667E-05,100,0,4.73706489570667E-05,0.694111037045367,0.0000827462944937,5.49272677203667E-05,0.698504956811504,2.18929315436362E-42,0.032,0.0303279701681222,0.000233441468982167,,,0.174137222597682,0.154637222597682,,0.15953294273682,0.14003294273682,0.0704030348765284,0.033,0.0220043652742932,0.84490991700187,0.0029379364915634,0.439721246227166,0,0,0,#REF!,0.0333416495312
d08c13ax89,Control,Yes,JB024,0.317375,2.86075,758,701,n,0.031431,0.20749,0.0246629844590789,0.0263,0.573333879828163,0.33358001103854,0.221666262037237,0.514758654791934,0.20093725509,0.176274270630921,0.00008212663417,0.00011317024417,0.000183388665128,,,,,,,,,,,,,,100,0.000216121592620489,0.000185077982620489,100,9.99888650225354E-45,0.00008212663417,2.09024530335104,0.000214432275128,0.000183388665128,0.748903317689916,0.00131426846776639,0.102,0.194444135988037,0.000146461008067,,,0.696284471583992,0.676784471583992,,0.241166262037237,0.221666262037237,0.136588514388839,0.098,0.0441222683335402,0.596666665090223,3.26066577281794E-37,0.563952093591531,0.212000668868641,0.17641512671091,0.15691512671091,#REF!,0.17902715559
d08c14Aax90,Control,Yes,JB024,0.163775,1.84325,290,246,n,0.03199,0.08222,0.00943139568118689,0.0287,0.0714632939079316,0.214870680702027,0.165115279021514,0.191090361961668,0.0588451491555,0.0494137534743131,-0.00003104361,0,0.0001138543245935,,,,,,,,,,,,,,100,0.0001448979345935,0.0001138543245935,100,0,0.000084155555916,1.39208808779373,0.0001448979345935,0.0001138543245935,0.730132737185538,0.00558296691032485,0.042,0.416245236942365,0.000154956955438,,,0.0458665215088154,0.0263665215088154,,0.184615279021514,0.165115279021514,0.0859426557579029,0.047,0.037347397778767,0.768485306113098,0.000528364180224462,0.449528852602579,0.0677807915294479,0.101061196312043,0.081561196312043,#REF!,0.0479839079315
d08c14Bax91,Control,Yes,JB024,0.0954,1.34575,268,221,y,0.010368,0.017033,0.00871851831577326,0.0216,0.207713568343153,0.163756223049126,0.131010932761465,0.210956954076855,0.0364876368725,0.0277691185567267,-0.00003104361,0,0.000071362553496,,,,,,,,,,,,,,100,0.000102406163496,0.000071362553496,100,0,0.0000554392859477,1.54371549415197,0.000102406163496,0.000071362553496,0.69197057470961,5.929101631547E-08,0.028,0.100371222199701,0.000245180620387,,,0.253431141048625,0.233931141048625,,0.150510932761465,0.131010932761465,0.0696988516068775,0.031,0.0274980609745586,0.784762413133372,0.000242198945400391,0.498544226391234,0.159957772449907,0.190242357585736,0.170742357585736,#REF!,0.0278220120175
d08c15ax26,Control,Yes,JB024,0.221725,2.1825,613,550,y,0.036367,0.1395927,0.0199448201456526,0.0257,0.280015501398762,0.246040766813591,0.220148185966438,0.308520376077122,0.115435976335,0.0954911561893474,0.000083895887709,0.000114939497709,0.0001065239106945,,,,,,,,,,,,,,100,0.0001375675206945,0.0001065239106945,100,0,0.000083895887709,2.53699859412313,0.0001375675206945,0.0001065239106945,0.998664265136556,0.0593753860483302,0.060,0.461100877635534,0.0002484716519615,,,0.288289095759393,0.269489095759393,,0.238948185966438,0.220148185966438,0.0978194140034363,0.059,0.0333703530573473,0.768962557877424,3.06619867168E-09,0.409056456930023,0.0471180052074601,0.130012388561044,0.111212388561044,#REF!,0.10404769655
d08c16ax92,Control,No,JB024,0.0493275,0.699725,96,67,n,0,0.089884,0.00280207038489449,0.0354,0.123847331645819,0.129083295700059,0.104416630701553,0.157226644547473,0.0179492057224,0.0151471353375055,-2.78190267733333E-05,0,0.000139986114786667,,,,,,,,,,,,,,100,0.000168214766626,0.000140395739852667,100,0,9.97219038201667E-05,1.84042179142263,0.00016780514156,0.000139986114786667,0.0298042024568947,2.21213335132587E-19,0.031,0.202668129349406,0.000176280317699667,,,0.161991168134698,0.142491168134698,,0.123916630701553,0.104416630701553,0.0667751978260572,0.029,0.0396947784134574,0.891250465858295,0.0526713700552368,0.625325390231389,0,0,0,#REF!,0.0125059889932
d08c17ax27,Control,Yes,JB024,0.27385,2.512,784,718,n,0.013875,0.241488,0.025475877379381,0.0245,0.211650215268335,0.262240986404193,0.220846524865664,0.274609626625368,0.15324394655,0.127768069170619,0.000082736465631,0.000113780075631,0.000126867746319,,,,,,,,,,,,,,3.56353925627526,0.0001581591088285,0.0001271154988285,100,7.8546531588084E-20,0.000082736465631,3.56353925627526,0.000157911356319,0.000126867746319,0.722114174125714,7.55279278552639E-21,0.071,0.012313510437076,0.000214921841598,,,0.241089764466869,0.221589764466869,,0.240346524865664,0.220846524865664,0.114032010408005,0.075,0.0344447456190913,0.712441556267742,2.82490413593329E-23,0.482555121476668,0.178813517106151,0.225638258455857,0.206138258455857,#REF!,0.134807155595
d08c18ax93,Control,Yes,JB024,0.16155,1.99175,398,351,y,0.011996,0.0754151,0.0129475166792399,0.0264,0.230196567620507,0.297090729641934,0.173147098439525,0.246365358539812,0.111355527305,0.0984080106257601,0.000074535615565,0.000105579225565,0.000169074134918,,,,,,,,,,,,,,5.25494700330752,0.0002042210680165,0.0001731774580165,100,3.67921159174313E-23,0.000074412316375,2.18815400470061,0.000200117744918,0.000169074134918,0.984102186282739,4.37100467496307E-25,0.092,1.00087038044E-09,0.000109033624192,,,0.276712581912656,0.257212581912656,,0.192647098439525,0.173147098439525,0.0992986022098902,0.060,0.0434968879119477,0.607713012311532,8.51522381349959E-19,0.507905332514866,0.0917417881099287,0.198960338411143,0.179460338411143,#REF!,0.104926501935
d08c19ax94,Control,Yes,JB024,0.315525,2.937,906,839,y,0.037182,0.1333564,0.0294739421177717,0.0240,0.234008996904828,0.277007614113709,0.23873581290039,0.252388314065419,0.17738089657,0.147906954452228,0.0000777516134535,0.0001087952234535,0.000128503363422,,,,,,,,,,,,,,3.02689464048475,0,-0.00003104361,100,0,0.000077191287054,3.13684121986954,0.000159546973422,0.000128503363422,0.588102193056134,0.172256044694285,0.081,0.166891109740173,0.000207263791747,,,0.254472243585421,0.235672243585421,,0.25753581290039,0.23873581290039,0.12361468364522,0.085,0.0346503794144993,0.693771805059889,6.16021287679097E-21,0.513518901402955,0.101356738082481,0.171618204846102,0.152818204846102,#REF!,0.155437382035
d08c20ax50,Control,No,JB024,0.0623425,0.936875,179,136,n,0,0.012215,0.00522661342197006,0.0303,0.234236430723893,0.17257867687575,0.138699268603248,0.226207591940251,0.0309491863296,0.0257225729076299,7.93467101746667E-05,0.000107165736948,0.000111033822858667,,,,,,,,,,,,,,1.21804761131825,0.000138852849632,0.000111033822858667,100,0.0861280223471425,7.93467101746667E-05,1.21804761131825,0.000138852849632,0.000111033822858667,0.284440559268448,1.00216632740257E-30,0.032,0.19124603997216,0.000270333698105667,,,0.217652289028925,0.198152289028925,,0.158199268603248,0.138699268603248,0.0607595975281202,0.023,0.0345048197507706,0.876691574180437,0.0504664485929296,0.452829113638063,0,0,0,#REF!,0.0250901232016
d08c22ax30,Control,Yes,JB024,0.315875,2.8135,992,925,y,0.032724,0.222631,0.0322704575103114,0.0235,0.31635355647328,0.283938027654786,0.248851960932132,0.392484102926618,0.192862418245,0.160591960734689,0.000078294997485,0.000109338607485,0.00012189351243,,,,,,,,,,,,,,1.58305439719069,0.000155697030974,0.000124653420974,100,7.19740392403202E-33,0.00007824166411,1.43665021642934,0.00015293712243,0.00012189351243,0.851790005866695,6.152318021699E-08,0.090,0.160585081430497,0.0001958850436145,,,0.28255513771775,0.26375513771775,,0.267651960932132,0.248851960932132,0.128614382806429,0.090,0.0332844219018398,0.706336095534262,3.80592913702204E-27,0.488407050109328,0.113165907672344,0.172701660566306,0.153901660566306,#REF!,0.173662359095
d09c01ax28,Control,No,JB024,0.202725,2.135,615,559,n,0,0.146736,0.0179560170897738,0.0262,0.225466190694937,0.221201491663375,0.190299163229462,0.239637250408921,0.1126098916,0.0946538745102262,8.97780099896667E-05,0.000117597036763,0.000125026746183167,,,,,,,,,,,,,,1.40061428642641,0,-2.78190267733333E-05,100,0,8.98785078966667E-05,1.40266653152297,0.0001528457729565,0.000125026746183167,0.760230931517407,0,0.064,0.0035859743983003,0.000203666081081667,,,0.272934543960122,0.253434543960122,,0.209799163229462,0.190299163229462,0.109485695615359,0.072,0.034296229690993,0.764822407142385,1.496365818E-10,0.534567475131287,0,0,0,#REF!,0.098818187928
d01c03ax01,LTP,No,JB024,0.276375,3.018,490,438,y,0,0.109882,0.0221994655984069,0.0472,0.175713541972345,0.367573258141287,0.246076695400276,0.248451844693014,0.229244789752,0.207045324153593,0.0002293527894175,0.0002715447433375,0.000317290910934,,,,,,,,,,,,,,1.81697549192365,0.0003642849067705,0.0003220929528505,1.14933227841743,9.28854956584E-09,0.000226190573308,1.99802227677736,0.000359482864854,0.000317290910934,0.984913490144916,2.259179818696E-08,0.086,0.0579044234015646,0,,,0.494807994963655,0.473207994963655,,0.267676695400276,0.246076695400276,0.143385905461031,0.100,0.0570547765260981,0.827232744066531,2.790768885171E-08,0.528896578859676,0,0,0,#REF!,0
d01c05ax03,LTP,Yes,JB024,0.2648,3.18125,358,324,y,0.0662895441,0.121843,0.0180273305602498,0.0312,0.21031493629121,0.252253129416862,0.180684973742701,0.228067716969724,0.131882275425,0.11385494486475,0.0001301099729485,0.0001777987229485,0.00020088604785,,,,,,,,,,,,,,4.18065762942976,0.000313397309384,0.000265708559384,0.715897402983957,7.59035065257192E-17,0.000127213013565,4.59518965739167,0.00024857479785,0.00020088604785,0.628682431350004,6.3712184683539E-07,0.101,0.0123672679685732,0.190643733691705,,,0.244256379891556,0.221756379891556,,0.203184973742701,0.180684973742701,0.158482614596128,0.113,0.0525546197513084,0.594425641747602,6.41660507418603E-17,0.816684242977441,0.17877246226842,0.213143733691705,0.190643733691705,#REF!,#REF!
d01c08ax32,LTP,No,JB024,0.206075,2.7175,305,268,y,0,0.108333,0.0134760920240111,0.0521,0.191641284472504,0.367698184797531,0.334104374393338,0.248318497751127,0.161444280392,0.147968188367989,0.0002687412528205,0.0003109332067405,0.000375192375659,,,,,,,,,,,,,,0.839948523990499,0.000488274184719,0.000446082230799,0.442343415967946,2.1735003203E-10,0.00025699801692,1.0785376409238,0.000417384329579,0.000375192375659,0.281764833606791,0.000109808537285223,0.110,0.0100323257720061,0,,,0.224879102260494,0.203279102260494,,0.355704374393338,0.334104374393338,0.12940859045387,0.086,0.0670258889439756,0.776998568050199,1.67867494383E-09,0.396639850855459,0,0,0,#REF!,0
d01c10ax33,LTP,No,JB024,0.1016925,1.5895,144,110,n,0,0.037211,0.0064047279264526,0.0509,0.212549857578609,0.322792354966736,0.21809821576804,0.207822559277059,0.056823366628,0.0504186387015474,0.000173032872937,0.000215224826857,0.0002926258173005,,,,,,,,,,,,,,0.57394550184256,0.000323937976821,0.000281746022901,-0.109468532875963,0.00104201324362474,0.000173032872937,0.57394550184256,0.0003348177712205,0.0002926258173005,-0.37268262750521,0.000354228964205991,0.060,0.136020430028433,0,,,0.247713273392853,0.226113273392853,,0.23969821576804,0.21809821576804,0.0877287834345349,0.045,0.0636733216270421,0.800176466929323,0.00182299221471005,0.434006184521097,0,0,0,#REF!,0
d01c11ax02,LTP,Yes,JB024,0.18355,2.278,215,185,y,0.0377991162,0.0756,0.0108242299098745,0.0452,0.214985453847356,0.309444365707353,0.173525313263079,0.21535073395213,0.111471640775,0.100647410865125,0.000151696453211,0.000199385203211,0.000297958391161,,,,,,,,,,,,,,0.588694687756941,0.000349578601713,0.000301889851713,0.477362254789184,8.0189154611E-10,0.000150890197778,0.627058014639952,0.000345647141161,0.000297958391161,0.457618292029151,5.8615779815E-09,0.077,0.146208264614784,0.150706215891398,,,0.403198748973764,0.380698748973764,,0.196025313263079,0.173525313263079,0.120313622459854,0.075,0.0633469755753118,0.713256789995417,9.04959991813684E-06,0.569366138039565,0.109787764758141,0.173206215891398,0.150706215891398,#REF!,#REF!
d01c12ax19,LTP,No,JB024,0.203975,2.5395,197,161,n,0,0.215202,0.00871736133098297,0.0602,0.27439787437117,0.308599505919754,0.234733151040396,0.251346924370924,0.115362178588,0.106644817257017,0.000300497380189,0.000342689334109,0.000376124283597,,,,,,,,,,,,,,-0.397555025431074,0.000412569694439,0.000370377740519,0.690170941486788,0.0158528903349142,0.000300497380189,-0.397555025431074,0.000418316237517,0.000376124283597,0.719994649137528,0.0721767097847797,0.069,0.203367375334341,0,,,0.357523907369205,0.335923907369205,,0.256333151040396,0.234733151040396,0.12238932901625,0.079,0.0695620281211499,0.864884128596256,0.0153979120466375,0.56920225975548,0,0,0,#REF!,0
d01c13ax35,LTP,No,JB024,0.175175,2.016,328,285,y,0,0.1571013,0.0143214638873743,0.0329,0.174317269334572,0.227668582833446,0.191214415421205,0.214947419106107,0.091926712568,0.0776052486806257,0.000145445067388,0.000187637021308,0.000171237448754,,,,,,,,,,,,,,1.64958077628324,0.000219849578002,0.000177657624082,0.640564140904146,0.00368038943784087,0.000144870763888,1.70562306755752,0.000213429402674,0.000171237448754,0.625945593619569,0.0839028659036655,0.062,0.398441934362745,0,,,0.166517206114888,0.144917206114888,,0.212814415421205,0.191214415421205,0.108721226773622,0.066,0.0402177847990183,0.817054915528237,1.71233200807769E-05,0.563299772295107,0,0,0,#REF!,0
d01c14ax04,LTP,Yes,JB024,0.473825,4.07725,755,687,y,0.0588348173,0.289304,0.0378614606246451,0.0444,0.239567701218296,0.37851475714305,0.316685547479641,0.258718648197046,0.344390216325,0.306528755700355,0.000221537982331,0.000269226732331,0,,,,,,,,,,,,,,1.99522776136409,0.000357053106907,0.000309364356907,0.474804464296348,5.7306461834E-10,0.000218574850227,2.00874138872716,0,-0.00004768875,100,0,0.099,0.125099381334945,0.122777745241608,,,0.363200346595285,0.340700346595285,,0.339185547479641,0.316685547479641,0.143296646247314,0.098,0.0561521271567067,0.79076706568018,3.7860876399E-10,0.438426809511325,0.105810156560569,0.145277745241608,0.122777745241608,#REF!,#REF!
d01c15ax05,LTP,Yes,JB024,0.266675,2.97475,348,304,n,0.0543121211,0.227587,0.0175187583796133,0.0365,0.144069545995094,0.345302002881809,0.239595518922176,0.200753931562884,0.148232400925,0.130713642545387,0.000154823447173,0.000202512197173,0,,,,,,,,,,,,,,1.71063447890897,0,-0.00004768875,100,0,0.000154558740754,1.7797652661485,0,-0.00004768875,100,0,0.075,0.0647392826088632,0.157786725620559,,,0.189294781249847,0.166794781249847,,0.262095518922176,0.239595518922176,0.112808879431053,0.068,-0.045,-0.811256862464716,100,0.423370804978342,0.128103986566942,0.180286725620559,0.157786725620559,#REF!,#REF!
d01c16ax36,LTP,No,JB024,0.274825,3.38575,398,353,n,0,0.218399,0.0176606146139184,0.0462,0.204752496136043,0.386111771149488,0.292071337767538,0.197541771226257,0.190226665592,0.172566050978082,0.000245777423167,0.000287969377087,0,,,,,,,,,,,,,,1.39487270439549,0.000488996524807,0.000446804570887,0.650920702351822,8.699956E-14,0.000231106480303,1.77168141996918,0,-0.00004219195392,100,0,0.095,0.0061057873188287,0,,,0.387111736576617,0.365511736576617,,0.313671337767538,0.292071337767538,0.124769726917327,0.082,0.0685047481120654,0.674516608172259,1.55817485144257E-17,0.401175413992891,0,0,0,#REF!,0
d01c17ax37,LTP,Yes,JB024,0.44765,4.4015,638,579,n,0.089285478,0.361873,0.0318659450551454,0.0362,0.182880872037664,0.455441497135471,0.322004116609828,0.158525341848503,0.275675257175,0.243809312119855,0.000192083238907,0.000239771988907,0,,,,,,,,,,,,,,2.05613843655941,0.00046606699376,0.00041837824376,0.666658809503012,2.39580874824413E-41,0.000182208269293,1.45683570939111,0,-0.00004768875,100,0,0.124,0.197061895398772,0.765730073746731,,,0.247920541405057,0.225420541405057,,0.344504116609828,0.322004116609828,0.15818756426288,0.113,0.0614515396405592,0.588305279934825,9.56189193699414E-39,0.46737966216402,0.681878391393994,0.788230073746731,0.765730073746731,#REF!,#REF!
d01c18ax38,LTP,Yes,JB024,0.4839,4.9785,496,443,y,0.0405007433,0.195134,0.0249682658131029,0.0593,0.280641898915962,0.56036630155525,0.362583073748793,0.332728448345636,0.362712225075,0.337743959261897,0.0002921771179745,0.0003398658679745,0,,,,,,,,,,,,,,2.47479233846928,0.000707707925882,0.000660019175882,0.511932013279338,3.16314407594359E-31,0.0002784550147545,2.05963040229805,0,-0.00004768875,100,0,0.118,0.0933939544800343,0.207341034579931,,,0.356681954318639,0.334181954318639,,0.385083073748793,0.362583073748793,0.153963061873613,0.109,0.0852860004737655,0.6958128158354,4.39274283231542E-20,0.406544212113702,0.347612559195026,0.229841034579931,0.207341034579931,#REF!,#REF!
d01c20Bax41,LTP,No,JB024,0.0969975,1.676,145,114,n,0,0.043859,0.00640325389082035,0.0436,0.1651836805034,0.228215811237941,0.167697498681806,0.154789287925197,0.0490259687664,0.0426227148755797,0.00017735274543,0.00021954469935,0.000214846791222,,,,,,,,,,,,,,0.996911683209799,0.000257038745142,0.000214846791222,0.353874992749842,0.0496649485700095,0.00017735274543,0.996911683209799,0.000257038745142,0.000214846791222,0.353874992749842,0.0993298971400189,0.045,0.215892787925489,0,,,0.269459491914283,0.247859491914283,,0.189297498681806,0.167697498681806,0.0888603078449649,0.046,0.0516744722016815,0.843792993284852,0.0414775770812564,0.525333781336359,0,0,0,#REF!,0
d01c23ax02,LTP,No,JB024,0.25175,2.4795,570,513,y,0,0.109745,0.0253539049675466,0.0401,0.250293100779778,0.291411665405397,0.256308384983379,0.384750916624217,0.202555740808,0.177201835840453,0.000204632087149,0.000246824041069,0.000233902735469,,,,,,,,,,,,,,1.00720795609784,0.0002837345163015,0.0002415425623815,1.05258223556202,0.000702333010228847,0.000202925979813,0.925533057239467,0.000276094689389,0.000233902735469,1.05896597855713,0.0109433726294745,0.087,0.167416174657668,0,,,0.253373974181215,0.231773974181215,,0.277908384983379,0.256308384983379,0.131585115587302,0.088,0.0484570281285065,0.828203847828012,3.5623895774811E-06,0.497556667515256,0,0,0,#REF!,0
d01c24ax43,LTP,No,JB024,0.141075,2.03975,106,91,n,0,0.054077,0.00471489534632635,0.1058,0.365630308474841,0.330507150978245,0.245346814279922,0.364931593409612,0.105559265492,0.100844370145674,0.0003210421936625,0.0003632341475825,0.000403009376708,,,,,,,,,,,,,,3.04628707834367,0.000875368859756,0.000833176905836,0.882287055318035,0.000924237235808028,0.0003210421936625,0.342511820752643,0.000445201330628,0.000403009376708,1.07923024363819,0.0506205181127782,0.166,0.30822373181306,0,,,0.613942763744814,0.592342763744814,,0.266946814279922,0.245346814279922,0.199961808422804,0.157,0.129243147420634,0.818286968125248,0.000233707701238973,0.890665536221264,0,0,0,#REF!,0
d01c30ax07,LTP,Yes,JB024,0.19425,2.27725,53,33,n,0.027287,0.098437,0.00266857966920065,0.0895,0.219990784268272,0.227541352016968,0.213048846513867,0.219272849159645,0.03968361057,0.0370150309007993,0.00051902762837712,0.00056671637837712,0.000544267267368,,,,,,,,,,,,,,-2.878067E-14,0.000591956017368,0.000544267267368,100,0,0.000519027628377,0,0.000591956017368,0.000544267267368,100,0,0.068,0.454056037632407,0.100579833891919,,,0.197596503958729,0.175096503958729,,0.235548846513867,0.213048846513867,0.107806552861922,0.063,0.10257329702857,0.872773572120197,0.069629080123468,0.655790963555697,0.0817357790723532,0.123079833891919,0.100579833891919,#REF!,#REF!
d01c33ax34,LTP,No,JB024,0.3212,4.22825,560,514,y,0,0.074332,0.0249045364506125,0.0351,0.246984015661435,0.31172106488215,0.247498244716636,0.316882950075975,0.192073871864,0.167169335413387,0.0001722042772,0.00021439623112,0.000217147383763,,,,,,,,,,,,,,2.12764367180885,0.000263266136802,0.000221074182882,0.855783803786106,7.2905439852328E-07,0.0001717379166345,2.02254013846757,0.000259339337683,0.000217147383763,0.961959011776368,1.38113973019125E-06,0.088,0.404499891004554,0,,,0.239858071558506,0.218258071558506,,0.269098244716636,0.247498244716636,0.134604284669901,0.091,0.045646654542041,0.768007807559246,4.2945500602E-10,0.509043854821537,0,0,0,#REF!,0
d02c06ax44,LTP,No,JB024,0.141375,1.93725,348,311,y,0,0.08588,0.015480641608642,0.0365,0.228811848572678,0.308435745471505,0.199870105253045,0.27495029767908,0.119503973872,0.104023332263358,0.000144495286865,0.000186687240785,0.0001816646648675,,,,,,,,,,,,,,1.38428792660379,0.0002613265060365,0.0002191345521165,0.501206726736899,4.2527539127476E-07,0.000140159474989,1.09112321698354,0.0002238566187875,0.0001816646648675,1.12203675720282,0.00225143828762092,0.090,0.00202144735902092,0,,,0.119333003284525,0.097733003284525,,0.221470105253045,0.199870105253045,0.120384850107499,0.077,0.0530667095316989,0.687947524443269,1.03262789256E-09,0.506852328595864,0,0,0,#REF!,0
d02c15Aax37,LTP,No,JB024,0.1902,2.69275,364,332,n,0,0.148431,0.0161868590333382,0.0417,0.263955653658616,0.34110865547629,0.274565611049651,0.215199147218074,0.140567231856,0.124380372822662,0.000171572588833,0.000213764542753,0.0002300724191285,,,,,,,,,,,,,,2.21405492946098,0.000350160491073,0.000307968537153,0.845657770277063,2.8748820753E-10,0.000155574638987,1.84577252123149,0.0002722643730485,0.0002300724191285,0.52051283900701,4.1034721819506E-05,0.103,0.357947310177399,0,,,0.438098645068222,0.416498645068222,,0.296165611049651,0.274565611049651,0.139346259463858,0.096,0.0568225029855664,0.733078004638638,1.7493505289E-10,0.52936916259828,0,0,0,#REF!,0
d02c17ax45,LTP,Yes,JB024,0.487025,4.28575,1131,1062,y,0.0334547274,0.462207,0.0569422535786546,0.0289,0.219922282171991,0.338588895741904,0.283800441155741,0.389723030777299,0.3635599527,0.306617699121345,0.000137305187922,0.000184993937922,0.000195589724345,,,,,,,,,,,,,,2.15340237756796,0.000264639226252,0.000216950476252,0.783791988583935,6.26338896201073E-41,0.000136714730671,1.47952071027137,0.000243278474345,0.000195589724345,0.837751985741416,6.93554397739452E-26,0.103,0.0548480235368626,0.262519153444688,,,0.15593001224151,0.13343001224151,,0.306300441155741,0.283800441155741,0.155022163350034,0.110,0.0432621816543149,0.668013752433181,5.87744264281911E-42,0.518891291927391,0.225399047162412,0.285019153444688,0.262519153444688,#REF!,#REF!
d02c18ax09,LTP,Yes,JB024,0.312275,3.7635,193,155,y,0.0493254773,0.106767,0.00981640247729626,0.0793,0.248112750137325,0.397056887622986,0.347218159484969,0.405062921400398,0.1612672271,0.151450824622704,0.000336273381186,0.000383962131186,0.0007212212420035,,,,,,,,,,,,,,1.07895412848346,0.000791058903132,0.000743370153132,0.0494148146001334,0.0269708541763661,0.0003356617025545,1.15489786352784,0.0007689099920035,0.0007212212420035,0.143953156232221,0.0213316971082106,0.084,0.400936050441659,0.158146281273275,,,0.293834437863386,0.271334437863386,,0.369718159484969,0.347218159484969,0.131410649494563,0.086,0.0973171164613937,0.814663574121241,0.000367977411410133,0.383576049210323,0.0282210209383268,0.180646281273275,0.158146281273275,#REF!,#REF!
d02c19ax46,LTP,No,JB024,0.2062,2.2315,375,338,y,0,0.101561,0.0166816521099831,0.0458,0.238055060009654,0.344553669923087,0.25378322315165,0.34214143810619,0.17471829672,0.158036644610017,0.0002431848210965,0.0002853767750165,0.0002949439484855,,,,,,,,,,,,,,3.07246347371686,0.0004952736262855,0.0004530816723655,0.863421243139908,4.23414728837018E-21,0.000233553007339,0.776513760264393,0.0003371359024055,0.0002949439484855,0.706831959279392,3.80894537212242E-06,0.103,0.00158648226842468,0,,,0.220063799208128,0.198463799208128,,0.27538322315165,0.25378322315165,0.124258759609253,0.081,0.0677284772284422,0.675949609804586,2.94367054204906E-17,0.451230230233909,0,0,0,#REF!,0
d02c20Aax47,LTP,No,JB024,0.0914525,1.1085,218,183,y,0,0.088785,0.00969514831698458,0.0393,0.176540252465557,0.211287603476097,0.16114732381802,0.216776439062425,0.0775514321616,0.0678562838446154,0.0001368829030965,0.0001790748570165,0.0002511893966785,,,,,,,,,,,,,,2.78144525380575,0.0003078278130535,0.0002656358591335,0.628180530183158,2.472061506052E-08,0.000136169352166,2.3477837461175,0.0002933813505985,0.0002511893966785,0.596149158083066,1.1890192668217E-07,0.072,0.122412986044539,0,,,0.271146732300942,0.249546732300942,,0.18274732381802,0.16114732381802,0.102840386705829,0.060,0.052193992885357,0.75342365492038,1.66250236841201E-05,0.575842564511585,0,0,0,#REF!,0
d02c20Bax48,LTP,Yes,JB024,0.260225,3.26175,99,73,n,0.0829952471,0.047837,0.00498196370981443,0.0587,0.213103618078222,0.23036400090902,0.166038198496729,0.235901955804736,0.0421255054025,0.0371435416926856,0.000241535272501,0.000289224022501,0.000181831707295,,,,,,,,,,,,,,-0.0768510504859234,0.000365229572621,0.000317540822621,-0.315582019902474,0.0728634490877158,0.000216538088103,-0.54566819954584,0.000229520457295,0.000181831707295,0.516959605726402,0.150506356388709,0.059,0.0083923693626404,0.530767843786192,,,0.219627373886437,0.197127373886437,,0.188538198496729,0.166038198496729,0.0794795277610692,0.034,0.0664036542727863,0.883448573593546,0.0292071100354148,0.504947220139352,0.488130444768149,0.553267843786192,0.530767843786192,#REF!,#REF!
d02c21ax11,LTP,No,JB024,0.369525,3.31775,726,676,y,0,0.228012,0.0322820319014626,0.0409,0.221366324337506,0.345496123924169,0.286624247996762,0.320961749387972,0.30670325084,0.274421218938537,0.000203212680761,0.000245404634681,0.000274435029201,,,,,,,,,,,,,,2.43469395438201,0.000350042533898,0.000307850579978,0.592522532757682,1.02872253856304E-20,0.000198975706168,2.02509595455581,0.000316626983121,0.000274435029201,0.61311982368635,1.0261757E-13,0.121,0.256597568756661,0,,,0.230668936710216,0.209068936710216,,0.308224247996762,0.286624247996762,0.165758008607427,0.123,0.0544744484763613,0.750887108663912,1.18087193595537E-15,0.527472658283262,0,0,0,#REF!,0
d02c22ax49,LTP,No,JB024,0.163775,2.259,195,152,n,0,0.161091,0.00866803532534406,0.0570,0.172905181006418,0.300375312557798,0.193842454038432,0.215196104428932,0.105090832712,0.0964227973866559,0.000216438312862,0.000258630266782,0.000413012283425,,,,,,,,,,,,,,2.15240712822896,0.000456794049867,0.000414602095947,1.16269032361335,1.46184271131898E-06,0.000216438312862,2.15240712822896,0.000455204237345,0.000413012283425,1.03500460108463,8.17637997153237E-06,0.058,0.0162512086468533,0,,,0.167070438508082,0.145470438508082,,0.215442454038432,0.193842454038432,0.0867275284526504,0.044,0.0697994557607342,0.816402868769683,0.000148536418525426,0.446681779563235,0,0,0,#REF!,0
d02c23ax12,LTP,Yes,JB024,0.284725,3.4365,271,234,n,0.0325202681,0.116053,0.0136407995035431,0.0434,0.220358875328948,0.334180392802415,0.228745651412299,0.220336905008806,0.140174316475,0.126533516971457,0.000180648095309,0.000228336845309,0.000372725633511,,,,,,,,,,,,,,1.52288794201189,0.000422485589542,0.000374796839542,0.836109891121404,2.5321064492E-10,0.000178581781224,1.58732553492822,0.000420414383511,0.000372725633511,0.873629310484264,3.583431601651E-08,0.088,0.0626472159532525,0.344861065981525,,,0.30397119066091,0.28147119066091,,0.251245651412299,0.228745651412299,0.127437342932532,0.082,0.0639766310183458,0.678347951327826,4.982473378E-11,0.560353612830379,0.404527711546093,0.367361065981525,0.344861065981525,#REF!,#REF!
d02c24ax44,LTP,Yes,JB024,0.3073,3.44075,331,276,y,0.0695359334,0.096449,0.0166638526413527,0.0537,0.261590555302903,0.375745415823427,0.278701359601393,0.415324377031543,0.19823926915,0.181575416508647,0.000173466488905,0.000221155238905,0.000371175179352,,,,,,,,,,,,,,4.12941215139235,0.000521894123742,0.000474205373742,0.813770829175689,4.04196669E-12,0.0001691985968045,1.39130367804587,0.000418863929352,0.000371175179352,1.0286125358799,6.95447040523E-09,0.087,2.6298051070607E-05,0.0746777426751741,,,0.315699329129308,0.293199329129308,,0.301201359601393,0.278701359601393,0.10975650641675,0.065,0.0813906737749169,0.659339922228898,1.5583902E-13,0.392290677462802,0.0388867724354782,0.0971777426751741,0.0746777426751741,#REF!,#REF!
d02c25ax50,LTP,No,JB024,0.083055,1.364,76,52,n,0,0.060274,0.00337892506929631,0.0585,0.154809785122728,0.187692877795146,0.131475396713611,0.171533934693202,0.028699294444,0.0253203693747037,0.000257581374647,0.000299773328567,0.000232943353857,,,,,,,,,,,,,,0.0448957434910654,0.000275135307777,0.000232943353857,1.58496031124647,0.457553017210253,0.000257581374647,0.0448957434910654,0.000275135307777,0.000232943353857,1.58496031124647,0.914285714285714,0.041,0.207278976338613,0,,,0.186381680743594,0.164781680743594,,0.153075396713611,0.131475396713611,0.0770902701398397,0.034,0.0608012167224542,0.961379356833512,0.380560831067604,0.522430023461872,0,0,0,#REF!,0
d02c26ax51,LTP,No,JB024,0.111625,1.5625,152,119,n,0,0.038961,0.0067635253809236,0.0477,0.209087658241282,0.220354551169844,0.156098039202427,0.227148950766346,0.0683185066208,0.0615549812398764,0.0001995204228965,0.0002417123768165,0.000237565930372,,,,,,,,,,,,,,0.902257732178381,0.000304498742266,0.000262306788346,0.977607087920299,0.0401023147475054,0.0001995204228965,0.902257732178381,0.000279757884292,0.000237565930372,0.616477216382049,0.191688993194268,0.066,0.00610112724437122,0,,,0.247568623211301,0.225968623211301,,0.177698039202427,0.156098039202427,0.0935094370248576,0.050,0.0601901662311554,0.791846842344383,0.00036349441231803,0.514210740916026,0,0,0,#REF!,0
d02c28ax13,LTP,Yes,JB024,0.4313,3.63625,621,570,y,0.0256943367,0.110518,0.0312667842650972,0.0399,0.255687598368234,0.337678334584171,0.270535066253192,0.327074391726374,0.266422836825,0.235156052559903,0.000211735110982,0.000259423860982,0.0003033359111355,,,,,,,,,,,,,,1.76547347567517,0.000357970059475,0.000310281309475,0.729318251468295,2.739433334E-11,0.000211733103657,1.7512184173794,0.0003510246611355,0.0003033359111355,0.776179250346677,6.1809169693E-10,0.094,0.00111690858512005,0.487729002820581,,,0.322514207926328,0.300014207926328,,0.293035066253192,0.270535066253192,0.15773984451863,0.113,0.0513298158267913,0.777053482273962,4.602681635E-11,0.5424044708268,0.484736567719145,0.510229002820581,0.487729002820581,#REF!,#REF!
d02c30Aax53,LTP,No,JB024,0.178525,2.8105,120,89,y,0,0.081214,0.00533670371512114,0.0798,0.181691698864086,0.429770349097438,0.242600998449723,0.18670032124972,0.07187130612,0.0665346024048789,0.000351326061368,0.000393518015288,0.000338189437335,,,,,,,,,,,,,,-0.379681178090588,0.00040134889997,0.00035915694605,-0.0301592550374343,0.386289545361756,0.000334815202809,-0.41667108463026,0.000380381391255,0.000338189437335,0.101479285145545,0.30969030969031,0.056,0.0454903328837443,0,,,0.263103021544811,0.241503021544811,,0.264200998449723,0.242600998449723,0.0898466164057209,0.047,0.0966913467672643,0.824880907952696,0.0140759404167696,0.384903416325241,0,0,0,#REF!,0
d02c31ax10,LTP,Yes,JB024,0.301225,3.121,383,331,y,0.0662895441,0.212605,0.0192912645248689,0.0460,0.183464509971212,0.348646481983771,0.275557467676232,0.223413653033741,0.1616608767,0.142369612175131,0.0001919716474105,0.0002396603974105,0.000242666196506,,,,,,,,,,,,,,0.965210867572133,0.000301871428209,0.000254182678209,0.753559145382241,0.0120272373796946,0.0001919716474105,0.965210867572133,0.000290354946506,0.000242666196506,0.703476119695181,0.0342931554400615,0.067,0.203623186536975,0.0765632833242912,,,0.272259234161652,0.249759234161652,,0.298057467676232,0.275557467676232,0.118103308144633,0.073,0.0562840876475502,0.816645480997076,0.00239106708766067,0.39935508963777,0.0303546155592043,0.0990632833242912,0.0765632833242912,#REF!,#REF!
d02c32Aax11,LTP,Yes,JB024,0.48575,4.0285,475,437,n,0.0841472745,0.23629,0.0239213339825726,0.0454,0.235495005614904,0.311414668828947,0.25857270289396,0.282069925311574,0.269788161725,0.245866827742427,0.000241276160119,0.000288964910119,0.000416519506827,,,,,,,,,,,,,,1.21166935841069,0.0004876475613475,0.0004399588113475,0.497203286453431,9.09071542465622E-21,0.000238359299368,1.13863525814813,0.000464208256827,0.000416519506827,0.56590354772206,1.87186969002746E-20,0.121,0.0121151358497214,0.154625182447804,,,0.3069373621549,0.2844373621549,,0.28107270289396,0.25857270289396,0.182188002730684,0.137,0.064345418359947,0.706235152860955,2.55912345937513E-16,0.653350158855053,0.14923716448096,0.177125182447804,0.154625182447804,#REF!,#REF!
d02c32Bax54,LTP,Yes,JB024,0.131225,1.8065,74,49,n,0.0345574245,0.047921,0.00372353904323753,0.0805,0.219662422363909,0.260015887443845,0.198637012492629,0.217138637929295,0.0400720442225,0.0363485051792625,0.000335650055634953,0.000383338805634953,0,,,,,,,,,,,,,,0,0,-0.00004768875,100,0,0.0003356500556345,100,0,-0.00004768875,100,0,0.053,0.00952070072019957,0.0693278992618795,,,0.278298033099889,0.255798033099889,,0.221137012492629,0.198637012492629,0.0796471293293659,0.035,0.0843528966395515,0.954079013920949,0.149782086362841,0.382393895328211,0.0597181428755751,0.0918278992618795,0.0693278992618795,#REF!,#REF!
d02c32Cax55,LTP,Yes,JB024,0.283,3.346,116,88,n,0.0953150541,0.058518,0.00573784820002433,0.0689,0.300543107624661,0.294751388167624,0.191603492785165,0.306065146698353,0.08415717445,0.0784193262499757,0.000208011754327,0.000255700504327,0.0004569837836635,,,,,,,,,,,,,,1.42297851223072,0.00057621525166,0.00052852650166,0.422570365698062,0.00123967565810694,0.000204411085283,1.42777248162566,0.0005046725336635,0.0004569837836635,-0.061212737509855,0.0307692307692308,0.062,0.151928699219219,0.098104824449971,,,0.391555698684342,0.369055698684342,,0.214103492785165,0.191603492785165,0.108548940687929,0.064,0.0890264808850231,0.774304131398006,0.000240453420750824,0.580203836802895,0.108057297940359,0.120604824449971,0.098104824449971,#REF!,#REF!
d02c32Dax56,LTP,Yes,JB024,0.0997125,1.32525,43,23,n,0.0311577674,0.016168,0.00216526815763904,0.0975,0.21462288876983,0.290425254827407,0.186335979585508,0.191839719746429,0.03165433948,0.029489071322361,-0.00004768875,0,0,,,,,,,,,,,,,,100,0,-0.00004768875,100,0,-0.00004768875,100,0,-0.00004768875,100,0,0.041,0.00783289900243494,0.0487953065434761,,,0.291478386375773,0.268978386375773,,0.208835979585508,0.186335979585508,0.0694673005646262,0.024,0.112481429203742,0.866537445572646,0.131677649339909,0.397209994237042,0.0226983596774206,0.0712953065434761,0.0487953065434761,#REF!,#REF!
d02c33ax14,LTP,Yes,JB024,0.1975,2.19125,204,167,y,0.0430336483,0.104664,0.0101692947510976,0.0571,0.151589299782579,0.290820481722322,0.19797337303327,0.214335499861323,0.1090119259,0.0988426311489024,0.0002296266383775,0.0002773153883775,0.000286225125691,,,,,,,,,,,,,,0.730958408890174,0.0003329027819935,0.0002852140319935,0.649444023934064,0.00583923421520681,0.000224958354524,0.795693978324421,0.000333913875691,0.000286225125691,0.602313282022764,0.0127270802125015,0.070,0.18591399227911,0.090032354571982,,,0.272794743060942,0.250294743060942,,0.22047337303327,0.19797337303327,0.121949549048879,0.077,0.0672679283419762,0.84887804656421,0.0110551187256702,0.593535382247487,0.0721122867261615,0.112532354571982,0.090032354571982,#REF!,#REF!
d02c37ax15,LTP,Yes,JB024,0.231025,2.25075,252,206,y,0.017472,0.1292251,0.0126868143653711,0.0607,0.291396289008431,0.315687670451947,0.247256881825498,0.341310538551595,0.146938333575,0.134251519209629,0.000296821899621,0.000344510649621,0.000435518936942,,,,,,,,,,,,,,1.86191550978,0.000483207686942,0.000435518936942,0.285721433583166,0.000369648402943376,0.000296821899621,1.86191550978,0.000483207686942,0.000435518936942,0.285721433583166,0.000739296805886752,0.080,0.391607676237674,0.143960964901015,,,0.271111334652773,0.248611334652773,,0.269756881825498,0.247256881825498,0.123500545832179,0.079,0.0659847131811445,0.919886344602979,0.0290616685512468,0.470825996527896,0.107225541063573,0.166460964901015,0.143960964901015,#REF!,#REF!
d02c38ax16,LTP,Yes,JB024,0.298875,2.93375,351,312,y,0.0644713193,0.162365,0.0176765000653559,0.0431,0.230500126046006,0.296708613121709,0.240508191818619,0.291182809402338,0.144059128475,0.126382628409644,0.000234649214712,0.000282337964712,0.000237098648074,,,,,,,,,,,,,,0.746635507836622,0.000284787398074,0.000237098648074,0.742370664477404,0.375068223686559,0.000234649214712,0.746635507836622,0.000284787398074,0.000237098648074,0.742370664477404,0.750136447373117,0.079,0.148164561846999,0.137099037226981,,,0.288497854379733,0.265997854379733,,0.263008191818619,0.240508191818619,0.130767431635883,0.086,0.0536399248591274,0.80316142787347,0.00123371181270785,0.504902771328248,0.108838141682714,0.159599037226981,0.137099037226981,#REF!,#REF!
d02c43ax52,LTP,No,JB024,0.130375,1.93,50,29,n,0,0.0517782,0.00218029258451402,0.0793,0.13459612274742,0.177757670005241,0.133868126815045,0.148442892949041,0.0235342295696,0.021353936985086,-0.00004219195392,0,0.000366746334081,,,,,,,,,,,,,,100,0.000408938288001,0.000366746334081,0,0,-0.00004219195392,100,0.000408938288001,0.000366746334081,100,0,0.043,0.309368370925424,0,,,0.171640919630003,0.150040919630003,,0.155468126815045,0.133868126815045,0.080028989664803,0.037,0.0844513846265468,0.938878706666756,0.482129445201478,0.610422031038921,0,0,0,#REF!,0
d03c06ax57,LTP,Yes,JB024,0.276525,2.95,383,343,n,0.0515921302,0.123009,0.0192840225817133,0.0404,0.209188129964669,0.33708636253023,0.221814123943886,0.224185504165891,0.200085169975,0.180801147393287,0.000179486870471,0.000227175620471,0.00032215382449,,,,,,,,,,,,,,0.943313140002155,0.000419580951398,0.000371892201398,0.652333423170364,3.46821876734327E-16,0.00017870026136,0.951318055513891,0.00036984257449,0.00032215382449,0.594531023727077,7.9696195E-13,0.094,0.0239520981194863,0.107885344433682,,,0.30692347734516,0.28442347734516,,0.244314123943886,0.221814123943886,0.125825702607252,0.081,0.0652364662895302,0.618990627876118,8.742368E-14,0.502486071206227,0.150373645624171,0.130385344433682,0.107885344433682,#REF!,#REF!
d03c07ax58,LTP,Yes,JB024,0.22725,2.9625,136,104,n,0.0588311963,0.068934,0.00685166536658994,0.0580,0.200780164038081,0.259503005409483,0.164680042914005,0.203689263822905,0.06834413157,0.0614924662034101,0.0002219536668155,0.0002696424168155,0.000350391531548,,,,,,,,,,,,,,1.57464955652464,0.000420173865835,0.000372485115835,0.341129012573321,0.00135228802656122,0.000215400916715,2.00799799629555,0.000398080281548,0.000350391531548,0.395980797485382,0.0494871844267525,0.063,0.194109612042629,0.455200298141506,,,0.169094873968038,0.146594873968038,,0.187180042914005,0.164680042914005,0.0982361640755213,0.053,0.0745344590615257,0.777742190089095,5.61238325917953E-05,0.509598208378761,0.447550623874908,0.477700298141506,0.455200298141506,#REF!,#REF!
d03c08ax59,LTP,No,JB024,0.04804,0.954,26,14,n,0,0.026315,0.0011561768678275,0.0611,0.137538391238653,0.119700387725685,0.0734456040970374,0.162978076561767,0.0082777509112,0.0071215740433725,0.000200472541805,0.000242664495725,0,,,,,,,,,,,,,,0,0,-0.00004219195392,100,0,0.000200472541805,,0,-0.00004219195392,100,0,0.003,0.0228191079022143,0,,,0.197903121334867,0.176303121334867,,0.0950456040970374,0.0734456040970374,0.0661993126081755,0.023,0.0637092928700599,0.958936434073225,0.395363276978953,0.850175667683935,0,0,0,#REF!,0
d03c09ax17,LTP,Yes,JB024,0.1166,1.54475,132,100,n,0.0260419641,0.065904,0.00649240362250848,0.0574,0.185386280555298,0.316825749506977,0.230312474171895,0.209594502828676,0.05661078275,0.0501183791274915,0.000256769314469,0.000304458064469,0.000286097094619,,,,,,,,,,,,,,1.01049164862009,0.000333785844619,0.000286097094619,0.0831213270414714,0.39644775158948,0.000256769314469,1.01049164862009,0.000333785844619,0.000286097094619,0.0831213270414714,0.798445998445998,0.061,0.0974502285746455,0.078398893305862,,,0.246513734646479,0.224013734646479,,0.252812474171895,0.230312474171895,0.0904126036537883,0.045,0.064505095531231,0.890149688787,0.0377555396734776,0.417978214937671,0.0243262530434741,0.100898893305862,0.078398893305862,#REF!,#REF!
d03c10Bax61,LTP,No,JB024,0.18325,2.31325,281,241,y,0,0.098677,0.0125029507814251,0.0432,0.16288097973703,0.278685762014885,0.203797464224516,0.250803698663747,0.120256047116,0.107753096334575,0.0002105363339065,0.0002527282878265,0.000287325442437,,,,,,,,,,,,,,1.67571590534185,0.000361151258457,0.000318959304537,0.779771068372387,1.3180570409295E-07,0.000207528727075,0.560380262311533,0.000329517396357,0.000287325442437,0.748345043093408,8.45822087564631E-05,0.069,0.338717687847666,0,,,0.152991030650332,0.131391030650332,,0.225397464224516,0.203797464224516,0.108975437805103,0.066,0.0581802489344228,0.741864812623992,5.18882770956E-09,0.483117134634945,0,0,0,#REF!,0
d03c11ax62,LTP,No,JB024,0.11645,2.14425,108,81,y,0,0.07123,0.00480665493536143,0.0757,0.182902980028169,0.399882411485972,0.206895824751581,0.226805627229239,0.077932958264,0.0731263033286386,0.000264034422374,0.000306226376294,0.000369876195296,,,,,,,,,,,,,,1.51845642446183,0.000729280980601,0.000687089026681,-0.151736261537267,0.00545004334066444,0.000250147836897,-0.477016878450755,0.000412068149216,0.000369876195296,0.849934051351127,0.25,0.061,0.023868649982587,0,,,0.233730029721061,0.212130029721061,,0.228495824751581,0.206895824751581,0.0885633776869307,0.045,0.113155426985288,0.669296579333289,6.04759023870534E-05,0.407462250766154,0,0,0,#REF!,0
d03c14ax61,LTP,No,JB024,0.119075,1.89525,45,22,y,0,0.049939,0.00200139629859501,0.0787,0.131443438246027,0.179880530272624,0.147805297588915,0.10580812351632,0.0242422575152,0.022240861216605,-0.00004219195392,0,0,,,,,,,,,,,,,,100,0,-0.00004219195392,100,0,-0.00004219195392,100,0,-0.00004219195392,100,0,0.029,0.366795323475133,0,,,0.193104324669878,0.171504324669878,,0.169405297588915,0.147805297588915,0.0719538985232934,0.029,0.0918547964685863,0.857163726107952,0.124256815976806,0.548829336607643,0,0,0,#REF!,0
d03c16ax63,LTP,No,JB024,0.18545,2.1805,194,144,y,0,0.072745,0.00862826400839348,0.0638,0.265050896790742,0.242758114976006,0.200715621981595,0.266737299529612,0.0952209254472,0.0865926614388065,0.000384912341828,0.000427104295748,0.000399465995729,,,,,,,,,,,,,,0.642151574457664,0.000441657949649,0.000399465995729,0.364440882329525,0.382010440022716,0.000384912341828,0.642151574457664,0.000441657949649,0.000399465995729,0.346113430106522,0.731141107873436,0.053,0.0718049735478009,0,,,0.294067059848676,0.272467059848676,,0.222315621981595,0.200715621981595,0.0962106035901102,0.053,0.0664936282734607,0.958864315262423,0.118437629646882,0.479095671293965,0,0,0,#REF!,0
d03c18ax14,LTP,Yes,JB024,0.521025,4.7425,609,561,n,0.107219182,0.261035,0.0306664616357922,0.0433,0.165854527533241,0.343172644395456,0.282423050580881,0.223243436160405,0.288009705125,0.257343243489208,0.000209565911546,0.000257254661546,0.000294926026217,,,,,,,,,,,,,,2.24176417669667,0.000379200565689,0.000331511815689,0.621021818405731,6.24162321358853E-18,0.0002085090360055,1.93898627027153,0.000342614776217,0.000294926026217,0.694734473162017,5.0988929749E-10,0.114,0.170059793198628,0.100796193368265,,,0.278372964369258,0.255872964369258,,0.304923050580881,0.282423050580881,0.158962141101179,0.114,0.058727557284638,0.73671150646415,2.77356773684044E-19,0.539803365308244,0.1261418072424,0.123296193368265,0.100796193368265,#REF!,#REF!
d03c19ax64,LTP,Yes,JB024,0.2103,2.83975,121,94,n,0.0291547868,0.062841,0.00604078518614061,0.0632,0.251819587830699,0.292689518786577,0.202855797489732,0.258818429904489,0.084573343675,0.0785325584888594,0.000325932237977,0.000373620987977,0.000389150384969,,,,,,,,,,,,,,1.39178155743751,0.00061621506859,0.00056852631859,0.373972731038131,0.000215258259039594,0.0003082017539115,0.639561385705854,0.000436839134969,0.000389150384969,1.31451771770704,0.0471209117591034,0.076,0.132110603977637,0.777200412579313,,,0.306203550290041,0.283703550290041,,0.225355797489732,0.202855797489732,0.111573199096877,0.067,0.0857774872688774,0.736357439264794,0.000259190194608794,0.550242639925626,0.702890730011439,0.799700412579313,0.777200412579313,#REF!,#REF!
d03c20ax19,LTP,Yes,JB024,0.277925,2.734,317,268,n,0.0432350151,0.173066,0.0159569162002691,0.0527,0.213619564438848,0.315039907154367,0.264977710754128,0.243646675945111,0.15798929925,0.142032383049731,0.000281984311654,0.000329673061654,0.0002991517376475,,,,,,,,,,,,,,0.640176148253818,0.000362338079703,0.000314649329703,0.886883181421048,0.299281475555133,0.000281984311654,0.640176148253818,0.0003468404876475,0.0002991517376475,0.823801157245368,0.817019928170194,0.075,0.00924105955437224,0.118412838490769,,,0.241106308063084,0.218606308063084,,0.287477710754128,0.264977710754128,0.11005147697165,0.065,0.0599302694655217,0.879490837795588,0.00908539080164138,0.370845344977468,0.0655482213663564,0.140912838490769,0.118412838490769,#REF!,#REF!
d03c22ax65,LTP,No,JB024,0.121225,1.622,248,215,n,0,0.080962,0.0110323283627557,0.0375,0.215362894675812,0.246903300082685,0.186820688257901,0.232259760072628,0.0826060708976,0.0715737425348443,0.000179052613924,0.000221244567844,0.000197186932398,,,,,,,,,,,,,,1.13411542468061,0.0002500986444825,0.0002079066905625,0.484751927831833,0.0125827596841658,0.000176534950735,0.811934884164738,0.000239378886318,0.000197186932398,0.598829005629256,0.0782960190434953,0.065,0.345551225891015,0,,,0.369520298432963,0.347920298432963,,0.208420688257901,0.186820688257901,0.105789745659981,0.063,0.0470995020703965,0.795277015453176,0.00168067715463548,0.555644570544311,0,0,0,#REF!,0
d03c24ax40,LTP,Yes,JB024,0.50805,5.772,684,625,y,0.067886062,0.3517856,0.0344315039994651,0.0412,0.209458608836258,0.579625193475475,0.467640284786503,0.477845149813094,0.2958251707,0.261393666700535,0.000210115713956,0.000257804463956,0.00027078133681,,,,,,,,,,,,,,2.21401027208847,0.000440807416008,0.000393118666008,0.835876208638141,3.09875811446376E-28,0.000204102139328,1.72244292055318,0.00031847008681,0.00027078133681,0.771190504060378,2.71672825965E-09,0.111,0.000172884292610412,1.55524964384697,,,0.160142924305827,0.137642924305827,,0.490140284786503,0.467640284786503,0.139825890908634,0.095,0.0611801683367743,0.673639228490739,1.43505396299498E-23,0.298104716704948,1.4390778794809,1.57774964384697,1.55524964384697,#REF!,#REF!
d03c26ax68,LTP,No,JB024,0.160975,2.064,189,159,n,0,0.120655,0.0084000960099582,0.0490,0.198459778684047,0.35702099381558,0.235131903694767,0.22397421947384,0.092451583456,0.0840514874460418,0.000194963396799,0.000237155350719,0.000295955146571,,,,,,,,,,,,,,1.07230298485214,0.000373280850887,0.000331088896967,0.32518352019227,4.85526125056529E-06,0.0001846443449775,1.18321695755118,0.000338147100491,0.000295955146571,0.44883393199129,0.000448605174446284,0.070,0.0439540122393631,0,,,0.190098615627406,0.168498615627406,,0.256731903694767,0.235131903694767,0.104847670192387,0.062,0.064639026580137,0.758235781757101,1.3757381105643E-06,0.413065252175753,0,0,0,#REF!,0
d03c34ax23,LTP,Yes,JB024,0.16825,1.94725,122,89,n,0.0245645512,0.096237,0.00614159847470416,0.0564,0.172604450789925,0.260315470604303,0.202346995415899,0.182193449286161,0.0607073562275,0.0545657577527958,0.00024703940115,0.00029472815115,0.000404536648487,,,,,,,,,,,,,,0.498557278496156,0.000452225398487,0.000404536648487,0.257128301223153,0.0115814286908744,0.00024703940115,0.498557278496156,0.000452225398487,0.000404536648487,0.257128301223153,0.0203487602868408,0.044,0.434147493341563,0.0740016499233679,,,0.21400660456227,0.19150660456227,,0.224846995415899,0.202346995415899,0.0852112388576199,0.040,0.0671948883651127,0.838632531636062,0.0307855348090138,0.433771063703209,0.0379835182139137,0.0965016499233679,0.0740016499233679,#REF!,#REF!
d03c36ax22,LTP,Yes,JB024,0.3216,3.51575,355,316,y,0.0692196712,0.111722,0.0178735931038423,0.0562,0.226827694147418,0.365208416228254,0.267840015561572,0.234846002711997,0.218393432,0.200519838896158,0.000233474097744,0.000281162847744,0.000323673650408,,,,,,,,,,,,,,4.44389593205842,0.000560193400048,0.000512504650048,0.529217262397302,1.276598E-14,0.000205329046218,1.38838145689366,0.000371362400408,0.000323673650408,1.33298808816339,2.27630986804584E-06,0.094,0.279584978423018,0.163689968317988,,,0.283336921027402,0.260836921027402,,0.290340015561572,0.267840015561572,0.144415432933633,0.099,0.0775151218260578,0.724386967183145,9.73337931247E-09,0.485101118911724,0.155286321264511,0.186189968317988,0.163689968317988,#REF!,#REF!
d03c40ax69,LTP,No,JB024,0.059595,0.980925,59,38,n,0,0.045972,0.00253443004469931,0.0604,0.135829966815087,0.183961707435759,0.151986463676787,0.14186593602103,0.022513216764,0.0199787867193007,-0.00004219195392,0,0.0002152671916875,,,,,,,,,,,,,,100,0.000289769745164,0.000247577791244,0.585006055627813,0,-0.00004219195392,100,0.0002574591456075,0.0002152671916875,1.21609842669069E-15,0,0.041,0.0827372093127013,0,,,0.236497159895287,0.214897159895287,,0.173586463676787,0.151986463676787,0.0723355086194635,0.029,0.0592015606995067,1.02011214122697,0.284162476023553,0.459408995084753,0,0,0,#REF!,0
d04c10Bax71,LTP,No,JB024,0.154275,2.20825,224,187,n,0,0.064941,0.00996259443796131,0.0444,0.199375491845438,0.280470829570244,0.193591887715124,0.199438826023724,0.089638059984,0.0796754655460387,0.000201451315813,0.000243643269733,0.000268322391665,,,,,,,,,,,,,,0.292184668586015,0.000310514345585,0.000268322391665,0.365499479603808,0.00521093848520383,0.000201056321459,0.306278872575856,0.000310514345585,0.000268322391665,0.3597611378497,0.00809209765855366,0.068,0.410322382138384,0,,,0.285301554131895,0.263701554131895,,0.215191887715124,0.193591887715124,0.109584783344372,0.066,0.0526797838894445,0.842096887291008,0.0135936194749669,0.549537593951226,0,0,0,#REF!,0
d04c13ax24,LTP,Yes,JB024,0.25705,2.6165,254,215,y,0.0867745392,0.055197,0.0127914373834821,0.0478,0.336198911386153,0.328115888175848,0.250269351112667,0.336174329375926,0.123900500325,0.111109062941518,0.000163003644624,0.000210692394624,0.000352483387649,,,,,,,,,,,,,,1.40152995974997,0.00041020433543,0.00036251558543,0.0110488644670078,0.000195248788250054,0.000163003644624,1.40152995974997,0.000400172137649,0.000352483387649,-0.29808665209383,0.00123849348976127,0.065,0.191938263018272,0.0652357211048371,,,0.492630492163985,0.470130492163985,,0.272769351112667,0.250269351112667,0.102912907399095,0.058,0.0630636026093681,0.758714643870745,3.78058969766427E-06,0.410443726800183,0.0500071595231372,0.0877357211048371,0.0652357211048371,#REF!,#REF!
d04c14ax25,LTP,Yes,JB024,0.361525,3.87475,476,428,y,0.0729151666,0.21986,0.023964204469702,0.0390,0.157305861690419,0.418343013945052,0.297730046870427,0.212646757733504,0.241970934025,0.218006729555298,0.000169263667292,0.000216952417292,0.000293780945247,,,,,,,,,,,,,,4.69905937637926,0.0004805918486355,0.0004329030986355,0.686820982675819,1.18329366505488E-30,0.000162724584036,1.12018342385508,0.000341469695247,0.000293780945247,0.806748564634409,2.45216996627699E-15,0.118,0.111767335901551,0.169575341495285,,,0.268576012950212,0.246076012950212,,0.320230046870427,0.297730046870427,0.149236404748322,0.104,0.0702145337068437,0.5561525023054,5.56371993512595E-27,0.469080945378521,0.155290961974554,0.192075341495285,0.169575341495285,#REF!,#REF!
d04c15ax72,LTP,Yes,JB024,0.416525,4.20175,678,618,y,0.0810506903,0.215111,0.03414814286811,0.0382,0.197186947897044,0.500039974281295,0.310437356496952,0.278099567106616,0.3201368115,0.28598866863189,0.000179930972457,0.000227619722457,0.000303212743934,,,,,,,,,,,,,,3.2224701485468,0.000474772115417,0.000427083365417,0.565702156285148,3.2239673119767E-45,0.000174564501051,2.71361656587724,0.000350901493934,0.000303212743934,0.827055881911512,8.11215942217272E-26,0.142,0.206636883690339,0.116908214140196,,,0.257029929209384,0.234529929209384,,0.332937356496952,0.310437356496952,0.183221037776376,0.138,0.0667262438617369,0.572845315932737,4.20794782827477E-41,0.586453366184113,0.174567680013095,0.139408214140196,0.116908214140196,#REF!,#REF!
d04c16ax71,LTP,Yes,JB024,0.3498,3.738,199,151,n,0.0471587889,0.051015,0.010017860454267,0.0681,0.341571843829317,0.778291325982694,0.638113374545284,0.379226776916445,0.243985572625,0.233967712170733,0.000341563364455,0.000389252114455,0.00100044121718,,,,,,,,,,,,,,1.06156367923128,0.001309656481305,0.001261967731305,1.29041078394174,3.6906468550466E-07,0.000337321441552,0.944519161226759,0.00104812996718,0.00100044121718,0.746861629787398,7.632192070982E-08,0.110,6.37161376E-12,0.190231475695161,,,0.539185331891879,0.516685331891879,,0.660613374545284,0.638113374545284,0.09778762414863,0.053,0.120224568075955,0.566170899483403,3.67692863E-12,0.154121942900542,0.0436712174126267,0.212731475695161,0.190231475695161,#REF!,#REF!
d04c17ax34,LTP,No,JB024,0.0999975,1.56925,110,80,n,0,0.052172,0.00489353824676883,0.0535,0.174408893533343,0.246497463982657,0.17549248005488,0.167636597248532,0.0553885857648,0.0504950475180312,0.00025005048787,0.00029224244179,0.0002851843515195,,,,,,,,,,,,,,0.35228878668915,0.000393677365429,0.000351485411509,0.580728762182923,0.0327110604505796,0.000234976269727,0.562239620586311,0.0003273763054395,0.0002851843515195,0.623527672873608,0.0883030744632324,0.053,0.00621417496500426,0,,,0.228462656071977,0.206862656071977,,0.19709248005488,0.17549248005488,0.0750290371704125,0.032,0.0757270206904164,0.706709136955761,0.000106125766842522,0.427597969984758,0,0,0,#REF!,0
d04c18Aax13,LTP,Yes,JB024,0.307725,2.956,430,379,y,0.0324532501,0.110592,0.0216450385216356,0.0417,0.264325121445103,0.306546293209137,0.237578985790516,0.339061155522043,0.18886227335,0.167217234828364,0.000212748756191,0.000260437506191,0.0002869416849785,,,,,,,,,,,,,,0.214644855630052,0.000363238805819,0.000315550055819,0.467464416864548,2.07929557406E-09,0.000212298395376,0.240694958862865,0.0003346304349785,0.0002869416849785,0.776804721599218,1.48591337349882E-06,0.088,0.478304473136899,0.187892646338296,,,0.413310647498956,0.390810647498956,,0.260078985790516,0.237578985790516,0.132733792456601,0.088,0.0558218946992991,0.746353729368207,2.07521721E-12,0.524669852299644,0.136897980780184,0.210392646338296,0.187892646338296,#REF!,#REF!
d04c18Bax25,LTP,No,JB024,0.0498725,0.9226,49,33,n,0,0.020825,0.00218047228451422,0.0806,0.245014305873795,0.185647779879709,0.133581330779174,0.226871949627143,0.0266131823456,0.0244327100610858,0.0003371304620045,0.0003793224159245,0.000533758876917,,,,,,,,,,,,,,0,0.000286488059286,0.000244296105366,0,0,-0.00004219195392,100,0.000575950830837,0.000533758876917,100,0,0.057,0.0171708369090007,0,,,0.240490398824825,0.218890398824825,,0.155181330779174,0.133581330779174,0.0838884337605641,0.041,0.0930744942539345,0.866331117481784,0.232134130215115,0.693263406686188,0,0,0,#REF!,0
d04c19ax49,LTP,No,JB024,0.104,1.538,101,73,n,0,0.059204,0.00449436681338056,0.0655,0.159656639273497,0.254196960228138,0.18001008550699,0.155330188123955,0.0543263879528,0.0498320211394195,0.000271656840719,0.000313848794639,0.0005210068313545,,,,,,,,,,,,,,-0.018726307909105,0.000553862718711,0.000511670764791,-0.337839366671651,0.0378307860719435,0.000271656840719,-0.018726307909105,0.0005631987852745,0.0005210068313545,-0.166542232166854,0.417317976141506,0.065,0.00451957311792422,0,,,0.211057856807086,0.189457856807086,,0.20161008550699,0.18001008550699,0.0796223716672921,0.036,0.0768191414951306,0.852999496436036,0.0746592460667994,0.409804514862805,0,0,0,#REF!,0
d04c20ax26,LTP,Yes,JB024,0.27,2.9095,200,170,n,0.0460135452,0.126374,0.0100710017617612,0.0585,0.401449761723262,0.282446207605256,0.186071310931017,0.351201738734058,0.120080003375,0.110009001613239,0.000253313789462,0.000301002539462,0.00038112184489,,,,,,,,,,,,,,0.977955485856339,0.000448255516102,0.000400566766102,0.467556320647551,4.06576366989062E-05,0.0002497376382725,1.00560119047059,0.00042881059489,0.00038112184489,0.193698800293079,2.72775721592292E-05,0.081,0.371347965752282,0.205598727035645,,,0.478955867634214,0.456455867634214,,0.208571310931017,0.186071310931017,0.12566563073991,0.081,0.071201996170522,0.821134030072016,0.000438915252297185,0.629239948693873,0.183527339132686,0.228098727035645,0.205598727035645,#REF!,#REF!
d04c21ax73,LTP,No,JB024,0.10176,1.61375,166,134,n,0,0.062635,0.00738038697099264,0.0457,0.229820945027363,0.259945767470716,0.178586212529775,0.22140363881802,0.0696879122456,0.0623075252746074,0.000170588324249,0.000212780278169,0.000250514496474,,,,,,,,,,,,,,0.873826173805286,0.0003167960731625,0.0002746041192425,0.526076321951931,1.70333878440615E-05,0.000168651045852,0.952391674601503,0.000292706450394,0.000250514496474,0.84331530190862,0.000343409859008073,0.063,0.319001086781268,0,,,0.303510928464456,0.281910928464456,,0.200186212529775,0.178586212529775,0.104064302304645,0.061,0.057586150526242,0.793039487089563,0.00114682685528195,0.570454614603354,0,0,0,#REF!,0
d04c22ax27,LTP,Yes,JB024,0.441425,4.3955,712,659,n,0.0347680226,0.362861,0.0358595793173153,0.0383,0.227942712096306,0.414287708842038,0.292274936488529,0.22727205248193,0.3152964774,0.279436898082685,0.000207414811239,0.000255103561239,0.000295626507263,,,,,,,,,,,,,,1.5075722315646,0.000369770913819,0.000322082163819,0.7141337529488,2.37388308564979E-26,0.000204158466894,1.66996043632682,0.000343315257263,0.000295626507263,0.589360407872996,2.89899475221876E-20,0.128,0.277271740061549,0.936731437875659,,,0.241691053299841,0.219191053299841,,0.314774936488529,0.292274936488529,0.177464440142016,0.132,0.0554434649614825,0.690785596120124,1.25737793730326E-28,0.556449355934377,0.881606256134961,0.959231437875659,0.936731437875659,#REF!,#REF!
d04c23ax29,LTP,Yes,JB024,0.33785,3.5695,544,497,y,0.0882342904,0.201449,0.0273881737377019,0.0413,0.228948788155734,0.354523153030988,0.268324881707544,0.27720466417058,0.241030205025,0.213642031287298,0.0002138842364875,0.0002615729864875,0.000290211986478,,,,,,,,,,,,,,1.4693948243675,0.0003676067436255,0.0003199179936255,0.654892530996317,9.714082E-14,0.000212135116698,1.60297503210208,0.000337900736478,0.000290211986478,0.961051576540365,1.4487431291E-10,0.107,0.183769272090085,0.229363635251672,,,0.207045506445516,0.184545506445516,,0.290824881707544,0.268324881707544,0.156634138726253,0.112,0.0535760875079165,0.770971486651747,2.81993856E-11,0.544815412746935,0.203917401157417,0.251863635251672,0.229363635251672,#REF!,#REF!
d04c26ax28,LTP,Yes,JB024,0.5297,5.14675,615,561,y,0.0887469873,0.337806,0.0308150212268775,0.0543,0.268577019257922,0.564988056711995,0.526732650009662,0.578163735940551,0.40243709715,0.371622075923122,0.000310620367495,0.000358309117495,0.000390306657016,,,,,,,,,,,,,,4.15148622012066,0.000782627173173,0.000734938423173,0.868572821394671,4.29885180718563E-34,0.000275393438015,1.94063857179848,0.000437995407016,0.000390306657016,1.06585433819502,2.20129867142E-09,0.129,0.331698124657825,0.162389956684815,,,0.206485086618109,0.183985086618109,,0.549232650009662,0.526732650009662,0.172561343919457,0.128,0.0870233649913193,0.624528931808733,1.06003835868926E-29,0.300581177606455,0.068871519144538,0.184889956684815,0.162389956684815,#REF!,#REF!
d04c27ax74,LTP,No,JB024,0.115425,1.933,56,32,n,0,0.061876,0.00249269957655638,0.0864,0.135279266423994,0.238532727797923,0.153366856096926,0.151596101548727,0.0279534655056,0.0254607659290436,-0.00004219195392,0,0.0004346039019315,,,,,,,,,,,,,,100,0.0004767958558515,0.0004346039019315,0,0,-0.00004219195392,100,0.0004767958558515,0.0004346039019315,100,0,0.033,0.486610866054312,0,,,0.175093769866455,0.153493769866455,,0.174966856096926,0.153366856096926,0.0759434772769976,0.033,0.0865623424640221,0.997957253378921,0.424997800361644,0.477159614065577,0,0,0,#REF!,0
d04c28ax75,LTP,No,JB024,0.254025,2.48275,550,480,n,0,0.172458,0.0244602278231354,0.0411,0.305791855882605,0.304158521771041,0.248345962613912,0.300375915048058,0.189314164504,0.164853936680865,0.000229332680456,0.000271524634376,0.000238186165755,,,,,,,,,,,,,,1.39977451719805,0.000280378119675,0.000238186165755,0.731264979633777,0.128958792222813,0.000229332680456,1.39977451719805,0.000280378119675,0.000238186165755,0.736012830218897,0.256611132698056,0.071,0.451223595674648,0,,,0.312813193533961,0.291213193533961,,0.269945962613912,0.248345962613912,0.11092481833009,0.068,0.0480347783625853,0.855644151409685,5.03563647815135E-05,0.428398351974068,0,0,0,#REF!,0
d04c31ax78,LTP,No,JB024,0.17885,2.333,199,152,y,0,0.061787,0.00885022630844143,0.0676,0.207749564092857,0.365773651368913,0.295401560286481,0.333621255675181,0.13930034392,0.130450117611559,0.000446151758311,0.000488343712231,0.000523554105204,,,,,,,,,,,,,,1.8750227874514,0.000784902808558,0.000742710854638,0.697910100314933,0.00219569319724423,0.000370023644622,2.09144648033374,0.000565746059124,0.000523554105204,0.703623631269911,0.0228155720029002,0.070,0.0889303977820232,0,,,0.151371235175827,0.129771235175827,,0.317001560286481,0.295401560286481,0.105821746389286,0.063,0.0842295099183457,0.802909786048524,8.44659659127696E-06,0.356716290864773,0,0,0,#REF!,0
d04c32ax79,LTP,No,JB024,0.04508025,0.709025,15,4,n,0,0.041037,0.000667313042657802,0.1103,0.12565248906297,0.151209279579787,0.101249835654606,0.139207709358209,0.0100204348268,0.0093531217841422,-0.00004219195392,0,0.000712851821872,,,,,,,,,,,,,,100,0.000755043775791797,0.000712851821871797,0,0,-0.00004219195392,100,0.000755043775792,0.000712851821872,100,0,0.032,0.235243211029395,0,,,0.177489901532554,0.155889901532554,,0.122849835654606,0.101249835654606,0.0803652632005868,0.037,0.105486463416506,1.04575828077253,0.191866313831252,1.00620333156402,0,0,0,#REF!,0
d04c37ax30,LTP,Yes,JB024,0.403125,3.9685,357,307,y,0.0561893545,0.129939,0.0179817177382084,0.0754,0.283896572651381,0.456371301449375,0.351393499803171,0.321566604312367,0.307253519625,0.289271801886792,0.000390929117443,0.000438617867443,0.000614240926307,,,,,,,,,,,,,,0.982920151536927,0.0006860903416335,0.0006384015916335,0.946420756830618,1.17560911029527E-06,0.000382128086876,0.744268837945849,0.000661929676307,0.000614240926307,0.579005913963687,1.10238511348117E-05,0.115,0.000572245426223286,0.106346149149699,,,0.288075975180767,0.265575975180767,,0.373893499803171,0.351393499803171,0.133205729598508,0.088,0.093498234939769,0.806788807276455,1.91298747338408E-06,0.385198325734509,0.111478195529585,0.128846149149699,0.106346149149699,#REF!,#REF!
d04c40ax31,LTP,Yes,JB024,0.2901,2.85375,217,170,n,0.0290040113,0.057838,0.0109303198872119,0.0699,0.513246354753032,0.362123426596016,0.255794662113139,0.495746950892972,0.164443201425,0.153512881537788,0.000443634809809,0.000491323559809,0.000536286604706,,,,,,,,,,,,,,2.49833027036013,0.000583975354706,0.000536286604706,0.755030952064094,0.118206561607315,0.000443634809809,2.49833027036013,0.000583975354706,0.000536286604706,0.755030952064094,0.23641312321463,0.066,0.465485513819341,0,,,0.537935011164953,0.515435011164953,,0.278294662113139,0.255794662113139,0.10936746050011,0.064,0.0815580051055317,0.857595115392358,0.00358507538826765,0.431956526239633,0,0,0,#REF!,0
